{"loss v": 0.24534282088279724, "loss vc": 195.02755737304688, "loss pi": -2.6226043559063328e-09, "KL": 0.019308747723698616, "_step": 99, "_runtime": 364, "_timestamp": 1609856560, "epoch": 49, "value": 1.857259750366211, "cost rate": 0.06946, "cumulative cost": 13892.0}