{"step length": 0.81, "_step": 9, "_runtime": 39, "_timestamp": 1609959168, "mean rewards": 1.3930156230926514, "mean costs": 102.0, "cum average rewards": 0.16232875039180117, "cum average costs": 189.17000096638998}