{"average ep ret": -1.2806297165762643, "average ep cost": 0.0, "_step": 499, "_runtime": 1460, "_timestamp": 1610521687, "value function loss": 14.666608810424805, "policy loss": -1.9520520311289147e-08, "current penalty": 5.728199854612917, "cost rate": 0.0307475, "reward rate": -9.916884422302246e-05}