{"step length": 1.0, "_step": 9, "_runtime": 41, "_timestamp": 1609959893, "mean rewards": 2.0207879543304443, "mean costs": 29.399999618530273, "cum average rewards": 0.6895569091041883, "cum average costs": 154.8533323287964}