{"reward loss": 3.02314759892397e-08, "constraint loss": 1880.8157958984375, "_step": 299, "_runtime": 1504, "_timestamp": 1609992092, "step length": 0.9, "mean rewards": 19.675281524658203, "mean costs": 44.29999923706055, "cum average rewards": 29.181317893221255, "cum average costs": 246.2295893013372}