{"episode return": -1.7707737262850234, "episode cost": 23.0, "cumulative return": 14.204784648425283, "cumulative cost": 84.0, "25ep mov avg return": 1.7755980810531602, "25ep mov avg cost": 10.5, "_step": 7, "_runtime": 18, "_timestamp": 1611373328}