{"step length": 0.9, "_step": 199, "_runtime": 685, "_timestamp": 1609962804, "mean rewards": 16.981794357299805, "mean costs": 51.79999923706055, "cum average rewards": 17.586578121984, "cum average costs": 191.32620374944372}