{"loss v": 0.03718490153551102, "loss vc": 66.02143096923828, "loss pi": 9.536743617033494e-10, "KL": 0.012503022328019142, "_step": 97, "_runtime": 374, "_timestamp": 1609816058, "epoch": 48, "value": 0.5472620725631714, "cost rate": 0.0666734693877551, "cumulative cost": 13068.0}