{"reward loss": 1.363754265071293e-08, "constraint loss": 517.2840576171875, "_step": 149, "_runtime": 625, "_timestamp": 1609974062, "step length": 0.9, "mean rewards": 16.330007553100586, "mean costs": 51.20000076293945, "cum average rewards": 17.319628241885706, "cum average costs": 293.43310305238566}