{"reward loss": 1.0299682884351569e-08, "constraint loss": 2157.721923828125, "_step": 299, "_runtime": 1256, "_timestamp": 1609981791, "step length": 0.9, "mean rewards": 20.454402923583984, "mean costs": 54.79999923706055, "cum average rewards": 27.924835330973927, "cum average costs": 283.22546220517324}