{"step length": 0.9, "_step": 9, "_runtime": 34, "_timestamp": 1609957687, "mean rewards": 1.5213279724121094, "mean costs": 131.8000030517578, "cum average rewards": 0.818591367204984, "cum average costs": 90.76333297093709}