{"reward loss": 3.671646098268866e-09, "constraint loss": 9558.1767578125, "_step": 29, "_runtime": 63, "_timestamp": 1610234378, "step length": 0.9, "mean rewards": 1.5119482278823853, "mean costs": 95.19999694824219, "cum average rewards": 0.6089880161965736, "cum average costs": 55.139623881280855}