{"episode return": 9.335021861656646, "episode cost": 3.0, "cumulative return": 2218.2899929610403, "cumulative cost": 3484.0, "25ep mov avg return": 5.005265243566016, "25ep mov avg cost": 4.24, "_step": 499, "_runtime": 1112, "_timestamp": 1611368143}