{"step length": 0.9, "_step": 9, "_runtime": 38, "_timestamp": 1609958506, "mean rewards": -0.37296003103256226, "mean costs": 86.5999984741211, "cum average rewards": -0.8146443823973338, "cum average costs": 43.63333257039388}