{"average ep ret": -1.4277699902685799, "average ep cost": 0.0, "_step": 221, "_runtime": 420, "_timestamp": 1610490633, "value function loss": 4.228230953216553, "policy loss": -1.8477439578390431e-09, "current penalty": 3.297574854612919, "cost rate": 0.024898648648648648, "reward rate": -0.000558352753922746}