{"mean rewards": 0.1892150193452835, "mean costs": 83.80000305175781, "_step": 4, "_runtime": 39, "_timestamp": 1609948950}