{"step length": 0.9, "_step": 9, "_runtime": 37, "_timestamp": 1609957570, "mean rewards": 0.504349410533905, "mean costs": 166.0, "cum average rewards": 0.07101213692997893, "cum average costs": 88.07333342234294}