{"step length": 0.9, "_step": 9, "_runtime": 39, "_timestamp": 1609959479, "mean rewards": 1.287867546081543, "mean costs": 84.0, "cum average rewards": 0.6240265766779581, "cum average costs": 149.74333534240722}