{"reward loss": -1.0538101058443772e-08, "constraint loss": 5087.53369140625, "_step": 29, "_runtime": 65, "_timestamp": 1610234464, "step length": 0.9, "mean rewards": 4.1424407958984375, "mean costs": 78.19999694824219, "cum average rewards": 3.2578077116354893, "cum average costs": 97.28766160761296}