{"loss v": 0.258968710899353, "loss vc": 39.669620513916016, "loss pi": -6.031989840948881e-08, "KL": 0.05623650178313255, "_step": 2909, "_runtime": 20086, "_timestamp": 1609837442, "epoch": 1454, "value": 3.9920551776885986, "cost rate": 0.053766666666666664, "cumulative cost": 312922.0}