{"reward loss": 1.1730193705261627e-08, "constraint loss": 249.7786865234375, "_step": 89, "_runtime": 188, "_timestamp": 1610236161, "step length": 0.9, "mean rewards": 10.89760684967041, "mean costs": 60.599998474121094, "cum average rewards": 7.564474025224509, "cum average costs": 236.65166695664348}