{"reward loss": 1.0387897475538921e-07, "constraint loss": 2994.151611328125, "_step": 8, "_runtime": 27, "_timestamp": 1610130837, "step length": 0.9, "mean rewards": -0.16163960099220276, "mean costs": 61.599998474121094, "cum average rewards": 0.10153649002313614, "cum average costs": 53.10000038146973}