{"reward loss": -2.38418573772492e-09, "constraint loss": -16604.78125, "_step": 17, "_runtime": 39, "_timestamp": 1610227695, "step length": 0.9, "mean rewards": 0.9384216070175171, "mean costs": 0.0, "cum average rewards": 0.8231975031040963, "cum average costs": 104.10333296457927}