{"average ep ret": 1.4192186857302067, "average ep cost": 0.0, "_step": 1017, "_runtime": 2738, "_timestamp": 1610639718, "10p mov avg ret": 3.1760292053222656, "10p mov avg cost": 19.262500762939453, "value function loss": 7.072487831115723, "policy loss": 7.450580596923828e-09, "current penalty": 3.3562499999999993, "cost rate": 0.025162721893491124, "reward rate": 0.0027851508326784393}