{"episode return": 19.093764869846154, "episode cost": 8.0, "cumulative return": 6138.562478383753, "cumulative cost": 13010.0, "25ep mov avg return": 12.486352465765785, "25ep mov avg cost": 30.24, "_step": 499, "_runtime": 1756, "_timestamp": 1611118650}