{"step length": 0.9, "_step": 9, "_runtime": 42, "_timestamp": 1609959618, "mean rewards": 0.9891851544380188, "mean costs": 176.60000610351562, "cum average rewards": -0.4720013623436292, "cum average costs": 216.24666773478188}