{"episode return": 0.040307627711832605, "episode cost": 0.0, "cumulative return": 2.7101360087483477, "cumulative cost": 699.0, "25ep mov avg return": 0.30112622319426086, "25ep mov avg cost": 77.66666666666667, "_step": 8, "_runtime": 50, "_timestamp": 1611337685}