{"step length": 0.9, "_step": 9, "_runtime": 34, "_timestamp": 1609956165, "mean rewards": 0.4017162322998047, "mean costs": 108.5999984741211, "cum average rewards": 0.26157176271080973, "cum average costs": 134.9266660054525}