{"loss v": 0.22487597167491913, "loss vc": 6.52096700668335, "loss pi": 1.6689301052252858e-09, "KL": 0.006942033767700195, "_step": 1, "_runtime": 14, "_timestamp": 1609892694, "epoch": 0, "value": 0.0710824728012085, "cost rate": 0.006, "cumulative cost": 24.0}