{"reward loss": -1.1348724626714102e-08, "constraint loss": -3940.24951171875, "_step": 29, "_runtime": 145, "_timestamp": 1609975510, "step length": 0.9, "mean rewards": 2.753492832183838, "mean costs": 49.599998474121094, "cum average rewards": 2.844821917331236, "cum average costs": 149.86575594264883}