{"episode return": 5.6293149094053305, "episode cost": 0.0, "cumulative return": 457.6876783406061, "cumulative cost": 627.0, "25ep mov avg return": 4.993710095168361, "25ep mov avg cost": 4.88, "_step": 99, "_runtime": 593, "_timestamp": 1611374101}