{"reward loss": 1.1682510070443186e-08, "constraint loss": -890.8517456054688, "_step": 299, "_runtime": 1330, "_timestamp": 1609980530, "step length": 0.9, "mean rewards": 21.13174057006836, "mean costs": 39.20000076293945, "cum average rewards": 31.446884693458085, "cum average costs": 259.8319784568319}