{"loss v": 0.2134495973587036, "loss vc": 127.76224517822266, "loss pi": -7.629394893626795e-09, "KL": 0.009446405805647373, "_step": 13, "_runtime": 65, "_timestamp": 1610001877, "epoch": 6, "value": 0.3711346983909607, "cost rate": 0.05242857142857143, "cumulative cost": 1468.0}