{"step length": 0.9, "_step": 9, "_runtime": 37, "_timestamp": 1609957977, "mean rewards": 0.7933358550071716, "mean costs": 172.0, "cum average rewards": -0.2373174518346787, "cum average costs": 89.66666739781698}