{"step length": 0.9, "_step": 9, "_runtime": 38, "_timestamp": 1609958550, "mean rewards": 0.454012393951416, "mean costs": 79.19999694824219, "cum average rewards": 0.2276144970208407, "cum average costs": 57.75999984741211}