{"episode return": 3.293605750927651, "episode cost": 0.0, "cumulative return": 501.8796222108041, "cumulative cost": 744.0, "25ep mov avg return": 3.7117319521713092, "25ep mov avg cost": 12.04, "_step": 99, "_runtime": 602, "_timestamp": 1611266879}