{"step length": 0.81, "_step": 9, "_runtime": 38, "_timestamp": 1609957811, "mean rewards": 0.5597110986709595, "mean costs": 93.19999694824219, "cum average rewards": 0.2295148886740208, "cum average costs": 130.89999707539877}