{"reward loss": -4.529952857268427e-09, "constraint loss": 13042.1005859375, "_step": 29, "_runtime": 63, "_timestamp": 1610233568, "step length": 1.0, "mean rewards": 3.1475136280059814, "mean costs": 176.39999389648438, "cum average rewards": 1.6409248061209358, "cum average costs": 192.49627984722628}