{"loss v": 0.23165516555309296, "loss vc": 84.85238647460938, "loss pi": 0.04712415114045143, "KL": 0.012857796624302864, "_step": 71, "_runtime": 225, "_timestamp": 1610045880, "epoch": 35, "value": 1.2265006303787231, "cost rate": 0.10075694444444444, "cumulative cost": 14509.0}