{"loss v": 0.16606369614601135, "loss vc": 0.03726856783032417, "loss pi": 3.600120379587679e-08, "KL": 0.0048677450977265835, "_step": 1, "_runtime": 9, "_timestamp": 1609810488, "epoch": 0, "value": 0.24211639165878296, "cost rate": 0.00825, "cumulative cost": 33.0}