{"reward loss": 1.4925003455346086e-08, "constraint loss": -1218.1041259765625, "_step": 299, "_runtime": 1364, "_timestamp": 1609993461, "step length": 1.0, "mean rewards": 20.9610538482666, "mean costs": 24.299999237060547, "cum average rewards": 30.45032999536049, "cum average costs": 281.26628027374414}