{"step length": 0.9, "_step": 9, "_runtime": 39, "_timestamp": 1609958991, "mean rewards": -0.49769705533981323, "mean costs": 46.79999923706055, "cum average rewards": -0.016498844325542453, "cum average costs": 181.4033353169759}