{"step length": 0.9, "_step": 9, "_runtime": 33, "_timestamp": 1609954268, "mean rewards": 0.4643174111843109, "mean costs": 76.19999694824219}