{"loss v": 0.09314411878585815, "loss vc": 2159.538330078125, "loss pi": -0.17084653675556183, "KL": 0.006093160714954138, "_step": 7, "_runtime": 24, "_timestamp": 1610047936, "epoch": 3, "value": -0.0492807999253273, "cost rate": 0.070125, "cumulative cost": 1122.0}