{"reward loss": -3.9768220716496216e-08, "constraint loss": 4783.23974609375, "_step": 89, "_runtime": 202, "_timestamp": 1610236444, "step length": 0.9, "mean rewards": 4.753528594970703, "mean costs": 59.400001525878906, "cum average rewards": 5.8802012239923505, "cum average costs": 168.5318599110997}