{"step length": 0.9, "_step": 9, "_runtime": 38, "_timestamp": 1609958593, "mean rewards": 1.049809217453003, "mean costs": 8.399999618530273, "cum average rewards": 1.1166865249474842, "cum average costs": 66.23000103632607}