{"step length": 0.81, "_step": 9, "_runtime": 36, "_timestamp": 1609957529, "mean rewards": 2.305826187133789, "mean costs": 122.19999694824219, "cum average rewards": 0.37324464817841846, "cum average costs": 101.7966672738393}