{"step length": 0.9, "_step": 9, "_runtime": 38, "_timestamp": 1609958157, "mean rewards": -0.016033578664064407, "mean costs": 192.8000030517578, "cum average rewards": 0.4701534734417995, "cum average costs": 135.87000109354653}