{"reward loss": -4.463195679704768e-08, "constraint loss": 8868.8984375, "_step": 11, "_runtime": 29, "_timestamp": 1610241261, "step length": 0.9, "mean rewards": 0.6139087677001953, "mean costs": 55.20000076293945, "cum average rewards": -0.1302599161863327, "cum average costs": 16.54000015258789}