{"reward loss": -9.346008411625917e-09, "constraint loss": -4624.08740234375, "_step": 89, "_runtime": 186, "_timestamp": 1610230646, "step length": 1.0, "mean rewards": 9.047517776489258, "mean costs": 29.799999237060547, "cum average rewards": 6.446630921315354, "cum average costs": 166.74689418929376}