{"step length": 0.9, "_step": 119, "_runtime": 422, "_timestamp": 1609966946, "mean rewards": 9.205015182495117, "mean costs": 90.80000305175781, "cum average rewards": 10.86284702934411, "cum average costs": 268.7156671145991}