{"average ep ret": -3.186156574353561, "average ep cost": 0.0, "_step": 299, "_runtime": 437, "_timestamp": 1610504912, "value function loss": 1.4215338230133057, "policy loss": -1.0013580187262505e-08, "current penalty": 1.5950748546129168, "cost rate": 0.014215, "reward rate": -0.0009538556671142578}