{"episode return": 1.2754701546228215, "episode cost": 43.0, "cumulative return": 8.877132615082289, "cumulative cost": 216.0, "25ep mov avg return": 0.8877132615082288, "25ep mov avg cost": 21.6, "_step": 9, "_runtime": 57, "_timestamp": 1611339861}