{"step length": 0.9, "_step": 9, "_runtime": 34, "_timestamp": 1609955787, "mean rewards": 1.8148730993270874, "mean costs": 41.599998474121094, "cum average rewards": -0.31621465335289645, "cum average costs": 42.05333436330159}