{"loss v": 0.2245207130908966, "loss vc": 153.26126098632812, "loss pi": -2.4735927084407194e-08, "KL": 0.012246915139257908, "_step": 9, "_runtime": 44, "_timestamp": 1610003135, "epoch": 4, "value": -0.1786031723022461, "cost rate": 0.05685, "cumulative cost": 1137.0}