{"mean rewards": 0.6522698998451233, "mean costs": 169.39999389648438, "_step": 4, "_runtime": 42, "_timestamp": 1609951171}