{"loss v": 0.12000257521867752, "loss vc": 32.454898834228516, "loss pi": -2.3841859042583735e-10, "KL": 0.019606688991189003, "_step": 75, "_runtime": 396, "_timestamp": 1609817315, "epoch": 37, "value": 2.0639281272888184, "cost rate": 0.06573026315789474, "cumulative cost": 9991.0}