{"loss v": 0.2225038856267929, "loss vc": 116.48590850830078, "loss pi": -0.04712418466806412, "KL": 0.01559390313923359, "_step": 71, "_runtime": 225, "_timestamp": 1610045880, "epoch": 35, "value": 1.5744765996932983, "cost rate": 0.10075694444444444, "cumulative cost": 14509.0}