{"reward loss": 8.463859835217136e-09, "constraint loss": 369.27874755859375, "_step": 20, "_runtime": 105, "_timestamp": 1609994923, "step length": 0.9, "mean rewards": 3.0901544094085693, "mean costs": 59.400001525878906, "cum average rewards": 2.263866884013017, "cum average costs": 100.2540472689129}