{"reward loss": -8.869171175263091e-09, "constraint loss": 9001.5361328125, "_step": 29, "_runtime": 65, "_timestamp": 1610129127, "step length": 0.9, "mean rewards": 0.9164447784423828, "mean costs": 93.80000305175781, "cum average rewards": 0.038689468290339674, "cum average costs": 90.58132101158043}