{"loss v": 0.12577953934669495, "loss vc": 0.07059269398450851, "loss pi": 1.3828277189986693e-08, "KL": 0.013117711059749126, "_step": 11, "_runtime": 85, "_timestamp": 1609803382, "epoch": 5, "value": 0.31825801730155945, "cost rate": 0.113125, "cumulative cost": 2715.0}