{"loss v": 0.2806738317012787, "loss vc": 0.037599604576826096, "loss pi": 3.5524369224049224e-08, "KL": 0.008271965198218822, "_step": 1, "_runtime": 18, "_timestamp": 1609803263, "epoch": 0, "value": 0.24783745408058167, "cost rate": 0.0, "cumulative cost": 0.0}