{"loss v": 0.07765469700098038, "loss vc": 211.67694091796875, "loss pi": -1.4960765071236892e-08, "KL": 0.01056095864623785, "_step": 15, "_runtime": 70, "_timestamp": 1609814525, "epoch": 7, "value": 0.8088117241859436, "cost rate": 0.12325, "cumulative cost": 3944.0}