{"reward loss": 1.1229514740307422e-07, "constraint loss": 43133.1328125, "_step": 1, "_runtime": 10, "_timestamp": 1610235464, "step length": 0.9}