{"episode return": 2.8061962477139604, "episode cost": 0.0, "cumulative return": 2806.775319285205, "cumulative cost": 4309.0, "25ep mov avg return": 6.196515935966931, "25ep mov avg cost": 4.72, "_step": 499, "_runtime": 2592, "_timestamp": 1611126014}