{"step length": 1.0, "_step": 9, "_runtime": 41, "_timestamp": 1609958114, "mean rewards": -0.7957090139389038, "mean costs": 66.19999694824219, "cum average rewards": -0.6430150633056958, "cum average costs": 55.3566663424174}