{"average ep ret": 0.5255531619436358, "average ep cost": 0.0, "_step": 599, "_runtime": 1679, "_timestamp": 1610466816, "value function loss": 1.7731503248214722, "policy loss": -4.261732300392396e-09, "current penalty": 8.937574854612922, "cost rate": 0.0417925, "reward rate": -0.00030505895614624023}