{"reward loss": -1.0967254882032762e-09, "constraint loss": 6367.0, "_step": 299, "_runtime": 1347, "_timestamp": 1609994813, "step length": 0.9, "mean rewards": 19.95585823059082, "mean costs": 71.69999694824219, "cum average rewards": 26.177060124217615, "cum average costs": 270.59311621986217}