{"loss v": 0.10730808973312378, "loss vc": 157.74203491210938, "loss pi": -0.1330823302268982, "KL": -0.0009415403474122286, "_step": 99, "_runtime": 313, "_timestamp": 1610046553, "epoch": 49, "value": 1.7642266750335693, "cost rate": 0.08921, "cumulative cost": 17842.0}