{"average ep ret": -2.8222608984358377, "average ep cost": 0.0, "_step": 19, "_runtime": 68, "_timestamp": 1611269433, "10p mov avg ret": -0.1799153983592987, "10p mov avg cost": 49.900001525878906, "value function loss": 39.5394401550293, "policy loss": 0.0, "current penalty": 1.5388248927598909, "cost rate": 0.0499, "reward rate": -0.0001799153804779053}