{"average ep ret": -2.8501102129862037, "average ep cost": 105.0, "_step": 31, "_runtime": 104, "_timestamp": 1611071157, "10p mov avg ret": -0.19500619173049927, "10p mov avg cost": 28.30000114440918, "value function loss": 17.450130462646484, "policy loss": -7.450580596923828e-09, "current penalty": 0.7063248879915193, "cost rate": 0.0283, "reward rate": -0.00019500616788864137}