{"loss v": 0.13888031244277954, "loss vc": 367.2750549316406, "loss pi": 1.0251999249533128e-08, "KL": 0.010335138067603111, "_step": 23, "_runtime": 103, "_timestamp": 1610029559, "epoch": 11, "value": 0.17627236247062683, "cost rate": 0.0754375, "cumulative cost": 3621.0}