{"episode return": 27.41117006727328, "episode cost": 0.0, "cumulative return": 1331.1553014021704, "cumulative cost": 2233.0, "25ep mov avg return": 26.63276213070839, "25ep mov avg cost": 42.08, "_step": 49, "_runtime": 100, "_timestamp": 1611550347}