{"loss v": 0.012858983129262924, "loss vc": 741.9134521484375, "loss pi": 1.0728836485895954e-08, "KL": 0.01188876386731863, "_step": 3, "_runtime": 20, "_timestamp": 1609814567, "epoch": 1, "value": 0.18919804692268372, "cost rate": 0.061, "cumulative cost": 488.0}