{"step length": 0.81, "_step": 9, "_runtime": 40, "_timestamp": 1609959756, "mean rewards": 0.26499348878860474, "mean costs": 165.39999389648438, "cum average rewards": 0.0680497442682584, "cum average costs": 111.39666639963785}