{"step length": 1.0, "_step": 9, "_runtime": 37, "_timestamp": 1609957853, "mean rewards": 0.49593743681907654, "mean costs": 98.19999694824219, "cum average rewards": -0.27603377898534137, "cum average costs": 116.20666443506877}