{"average ep ret": -2.8171455434752435, "average ep cost": 0.0, "_step": 258, "_runtime": 281, "_timestamp": 1610487689, "value function loss": 25.992765426635742, "policy loss": 1.76429750808893e-08, "current penalty": 2.0888248546129207, "cost rate": 0.01719767441860465, "reward rate": -0.0012695332017055778}