{"reward loss": -9.346008411625917e-09, "constraint loss": 6205.4970703125, "_step": 149, "_runtime": 328, "_timestamp": 1610129620, "step length": 0.9, "mean rewards": 9.819009780883789, "mean costs": 100.19999694824219, "cum average rewards": 7.924387372369566, "cum average costs": 183.13843438229023}