{"loss v": 0.5234380960464478, "loss vc": 264.7825622558594, "loss pi": -2.7418136649970393e-09, "KL": 0.010317721404135227, "_step": 59, "_runtime": 252, "_timestamp": 1610005034, "epoch": 29, "value": 1.7751680612564087, "cost rate": 0.08880833333333334, "cumulative cost": 10657.0}