{"reward loss": -5.226135257885289e-08, "constraint loss": 164.05322265625, "_step": 2, "_runtime": 10, "_timestamp": 1610227328, "step length": 0.81, "mean rewards": 0.2056008279323578, "mean costs": 0.0, "cum average rewards": 0.1028004139661789, "cum average costs": 0.0}