{"loss v": 0.24534282088279724, "loss vc": 195.08656311035156, "loss pi": -2.6226043559063328e-09, "KL": 0.019308747723698616, "_step": 99, "_runtime": 358, "_timestamp": 1609851707, "epoch": 49, "value": 1.857259750366211, "cost rate": 0.06946, "cumulative cost": 13892.0}