{"step length": 0.9, "_step": 9, "_runtime": 39, "_timestamp": 1609959079, "mean rewards": 1.0682023763656616, "mean costs": 104.5999984741211, "cum average rewards": -0.22502278685569757, "cum average costs": 96.8066650390625}