{"step length": 0.9, "_step": 199, "_runtime": 689, "_timestamp": 1609966519, "mean rewards": 16.632869720458984, "mean costs": 31.799999237060547, "cum average rewards": 26.432120158857696, "cum average costs": 252.45671527167244}