{"loss v": 0.22469402849674225, "loss pi": -4.291534239087014e-09, "KL": 0.008160002529621124, "_step": 23, "_runtime": 91, "_timestamp": 1609799500, "epoch": 11, "value": 0.40066003799438477, "cost rate": 0.10545833333333333, "cumulative cost": 5062.0}