{"average ep ret": 0.022253789130505047, "average ep cost": 0.0, "_step": 313, "_runtime": 380, "_timestamp": 1610061605, "value function loss": 0.13872572779655457, "policy loss": -3.725290298461914e-09, "value": 2.1781558990478516, "cost rate": 0.0, "reward rate": 0.012021233974358975}