{"step length": 0.9, "_step": 9, "_runtime": 34, "_timestamp": 1609957609, "mean rewards": 0.515044629573822, "mean costs": 34.20000076293945, "cum average rewards": -0.7308946480353674, "cum average costs": 44.239999516805014}