{"step length": 0.81, "_step": 9, "_runtime": 39, "_timestamp": 1609958769, "mean rewards": -0.3179126977920532, "mean costs": 0.0, "cum average rewards": -0.33016050979495043, "cum average costs": 102.72999903361001}