{"episode return": 4.526298008011952, "episode cost": 0.0, "cumulative return": 958.3599698906228, "cumulative cost": 1718.0, "25ep mov avg return": 5.794028123605123, "25ep mov avg cost": 8.52, "_step": 199, "_runtime": 433, "_timestamp": 1611354463}