{"step length": 1.0, "_step": 9, "_runtime": 38, "_timestamp": 1609958244, "mean rewards": 0.612187385559082, "mean costs": 132.0, "cum average rewards": 0.04128813644250235, "cum average costs": 125.92000223795571}