{"episode return": 0.5854929405085961, "episode cost": 201.0, "cumulative return": 5.854628555417593, "cumulative cost": 960.0, "25ep mov avg return": 0.6505142839352881, "25ep mov avg cost": 106.66666666666667, "_step": 8, "_runtime": 52, "_timestamp": 1611338739}