{"episode return": 11.242266485964441, "episode cost": 64.0, "cumulative return": 1306.4911650697566, "cumulative cost": 2853.0, "10ep mov avg return": 11.449151917280442, "10ep mov avg cost": 29.0, "_step": 99, "_runtime": 555, "_timestamp": 1611115557}