{"loss v": 0.9824997186660767, "loss vc": 407.92364501953125, "loss pi": 0.3967422544956207, "KL": 0.05540461093187332, "_step": 441, "_runtime": 1210, "_timestamp": 1610049180, "epoch": 220, "value": 1.6866201162338257, "cost rate": 0.0675237556561086, "cumulative cost": 59691.0}