{"reward loss": 6.747245606675278e-08, "constraint loss": 11281.1298828125, "_step": 149, "_runtime": 301, "_timestamp": 1610230422, "step length": 0.9, "mean rewards": 2.0080089569091797, "mean costs": 104.19999694824219, "cum average rewards": 6.446883731024738, "cum average costs": 291.6931045552231}