{"step length": 0.9, "_step": 9, "_runtime": 39, "_timestamp": 1609959847, "mean rewards": 0.6814755201339722, "mean costs": 64.0, "cum average rewards": -0.018248563632369, "cum average costs": 87.08999913533529}