{"step length": 1.0, "_step": 199, "_runtime": 692, "_timestamp": 1609961333, "mean rewards": 17.525760650634766, "mean costs": 94.19999694824219, "cum average rewards": 19.864282365902163, "cum average costs": 302.1090290089583}