{"mean rewards": 0.630716860294342, "mean costs": 38.599998474121094, "_step": 4, "_runtime": 35, "_timestamp": 1609941100}