{"loss v": 0.1995074450969696, "loss vc": 16.42668342590332, "loss pi": 0.13368508219718933, "KL": 0.014884880743920803, "_step": 39, "_runtime": 111, "_timestamp": 1610049338, "epoch": 19, "value": 0.6379241347312927, "cost rate": 0.112375, "cumulative cost": 8990.0}