{"loss v": 0.1631133109331131, "loss pi": -3.814697446813398e-09, "KL": 0.01890387199819088, "_step": 99, "_runtime": 348, "_timestamp": 1609783309, "epoch": 49, "value": 1.6464142799377441, "cost rate": 0.073475, "cumulative cost": 14695.0}