{"step length": 0.9, "_step": 199, "_runtime": 686, "_timestamp": 1609969922, "mean rewards": 10.774097442626953, "mean costs": 50.0, "cum average rewards": 20.673215603479893, "cum average costs": 355.7445032427673}