{"reward loss": 1.6212463593845428e-09, "constraint loss": -1630.573486328125, "_step": 89, "_runtime": 201, "_timestamp": 1610237980, "step length": 1.0, "mean rewards": 9.037481307983398, "mean costs": 44.599998474121094, "cum average rewards": 5.504910383032243, "cum average costs": 231.88882235989962}