{"step length": 0.9, "_step": 9, "_runtime": 34, "_timestamp": 1609957648, "mean rewards": 0.6435796022415161, "mean costs": 16.399999618530273, "cum average rewards": 0.27264975309371947, "cum average costs": 97.63000049591065}