{"episode return": -0.7085015283870462, "episode cost": 0.0, "cumulative return": -0.1767905931109115, "cumulative cost": 111.0, "25ep mov avg return": -0.025255799015844498, "25ep mov avg cost": 15.857142857142858, "_step": 6, "_runtime": 51, "_timestamp": 1611353668}