{"reward loss": 2.0217894913798773e-08, "constraint loss": -4117.12353515625, "_step": 89, "_runtime": 195, "_timestamp": 1610238239, "step length": 0.9, "mean rewards": 11.2534818649292, "mean costs": 27.600000381469727, "cum average rewards": 7.465015416091508, "cum average costs": 146.88861272441133}