{"average ep ret": -1.8417650475082312, "average ep cost": 0.0, "_step": 299, "_runtime": 455, "_timestamp": 1610499419, "value function loss": 2.375124931335449, "policy loss": -1.120567283408036e-08, "current penalty": 7.240074854612921, "cost rate": 0.036795, "reward rate": -0.0013608128356933594}