{"reward loss": -1.4019012617438875e-08, "constraint loss": 318.72369384765625, "_step": 53, "_runtime": 115, "_timestamp": 1610235966, "step length": 0.9, "mean rewards": 5.109719276428223, "mean costs": 63.0, "cum average rewards": 4.4494621527146725, "cum average costs": 217.16200849972347}