{"step length": 0.9, "_step": 9, "_runtime": 38, "_timestamp": 1609958463, "mean rewards": 1.1828539371490479, "mean costs": 75.4000015258789, "cum average rewards": 0.5684134876976411, "cum average costs": 156.36666577657064}