{"loss v": 0.2087613046169281, "loss vc": 2.526263952255249, "loss pi": -5.304813477380321e-09, "KL": 0.013774270191788673, "_step": 63, "_runtime": 248, "_timestamp": 1609810471, "epoch": 31, "value": 0.6989744901657104, "cost rate": 0.0775546875, "cumulative cost": 9927.0}