{"step length": 0.81, "_step": 9, "_runtime": 38, "_timestamp": 1609958724, "mean rewards": 2.211115598678589, "mean costs": 48.400001525878906, "cum average rewards": 0.4913368145624797, "cum average costs": 138.81333134969077}