{"episode return": 0.029013095853510862, "episode cost": 0.0, "cumulative return": 0.029013095853510862, "cumulative cost": 0.0, "25ep mov avg return": 0.029013095853510862, "25ep mov avg cost": 0.0, "_step": 0, "_runtime": 4, "_timestamp": 1611348702}