{"loss v": 0.16199904680252075, "loss vc": 241.58621215820312, "loss pi": -8.285045538514169e-09, "KL": 0.010651282966136932, "_step": 47, "_runtime": 195, "_timestamp": 1610029872, "epoch": 23, "value": 1.138168215751648, "cost rate": 0.07915625, "cumulative cost": 7599.0}