{"step length": 0.9, "_step": 9, "_runtime": 38, "_timestamp": 1609958020, "mean rewards": 0.813376784324646, "mean costs": 18.600000381469727, "cum average rewards": -0.05527196824550629, "cum average costs": 148.39333260854087}