{"mean rewards": 1.0449469089508057, "mean costs": 189.60000610351562, "_step": 4, "_runtime": 36, "_timestamp": 1609948778}