{"reward loss": 7.2479249269008506e-09, "constraint loss": -1042.0880126953125, "_step": 299, "_runtime": 1324, "_timestamp": 1609979195, "step length": 0.9, "mean rewards": 21.531286239624023, "mean costs": 46.70000076293945, "cum average rewards": 26.056305837388695, "cum average costs": 275.37431049894593}