{"loss v": 0.12128477543592453, "loss pi": 1.7046929201569583e-08, "KL": 0.009859808720648289, "_step": 5, "_runtime": 28, "_timestamp": 1609791952, "epoch": 2, "value": -0.2973765730857849, "cost rate": 0.06825, "cumulative cost": 819.0}