{"episode return": 15.310805179088472, "episode cost": 19.0, "cumulative return": 1048.1580293100474, "cumulative cost": 1838.0, "25ep mov avg return": 5.8878600347597345, "25ep mov avg cost": 24.6, "_step": 199, "_runtime": 1164, "_timestamp": 1611356506}