{"reward loss": -5.006790093631253e-09, "constraint loss": -6355.0234375, "_step": 149, "_runtime": 644, "_timestamp": 1609974711, "step length": 0.9, "mean rewards": 15.495794296264648, "mean costs": 39.5, "cum average rewards": 15.932908228413364, "cum average costs": 269.49491831688874}