{"loss v": 0.16183559596538544, "loss vc": 684.177001953125, "loss pi": 2.8371811566785254e-08, "KL": 0.011425627395510674, "_step": 9, "_runtime": 48, "_timestamp": 1610045639, "epoch": 4, "value": -0.036888908594846725, "cost rate": 0.08225, "cumulative cost": 1645.0}