{"episode return": 3.280892296334957, "episode cost": 0.0, "cumulative return": 468.37975236471993, "cumulative cost": 1034.0, "25ep mov avg return": 4.547174250852599, "25ep mov avg cost": 5.88, "_step": 99, "_runtime": 233, "_timestamp": 1611269128}