{"average ep ret": -1.0080645611242995, "average ep cost": 0.0, "_step": 2046, "_runtime": 6301, "_timestamp": 1610575171, "10p mov avg ret": 1.4364556074142456, "10p mov avg cost": 16.850000381469727, "value function loss": 9.952091217041016, "policy loss": 1.30385160446167e-08, "current penalty": 1.4906250000000014, "cost rate": 0.024305718475073314, "reward rate": 0.0023738446277607223}