{"step length": 0.9, "_step": 63, "_runtime": 246, "_timestamp": 1609960542, "mean rewards": 12.795848846435547, "mean costs": 114.80000305175781, "cum average rewards": 9.542946578710014, "cum average costs": 250.13439262008964}