{"loss v": 0.28343403339385986, "loss vc": 128.04066467285156, "loss pi": -3.0994415922691587e-09, "KL": 0.015244928188621998, "_step": 25, "_runtime": 110, "_timestamp": 1610002053, "epoch": 12, "value": -0.20487628877162933, "cost rate": 0.09373076923076923, "cumulative cost": 4874.0}