{"reward loss": -1.3217926664310653e-07, "constraint loss": 1370.692626953125, "_step": 2, "_runtime": 9, "_timestamp": 1610226457, "step length": 0.81, "mean rewards": 0.27798014879226685, "mean costs": 6.800000190734863, "cum average rewards": 0.13899007439613342, "cum average costs": 3.4000000953674316}