{"loss v": 0.16349175572395325, "loss vc": 55.24448776245117, "loss pi": 0.133082315325737, "KL": 0.01454179547727108, "_step": 99, "_runtime": 313, "_timestamp": 1610046553, "epoch": 49, "value": 2.359851598739624, "cost rate": 0.08921, "cumulative cost": 17842.0}