{"reward loss": -8.606910739672458e-09, "constraint loss": -13835.4248046875, "_step": 26, "_runtime": 59, "_timestamp": 1610234116, "step length": 1.0, "mean rewards": 1.0519651174545288, "mean costs": 9.199999809265137, "cum average rewards": 0.6289500230361544, "cum average costs": 151.37198493140085}