{"reward loss": -2.2840499269705106e-08, "constraint loss": 1153.9495849609375, "_step": 299, "_runtime": 1229, "_timestamp": 1609985473, "step length": 0.9, "mean rewards": 19.160974502563477, "mean costs": 55.70000076293945, "cum average rewards": 28.692195750999527, "cum average costs": 238.25360598502905}