{"loss v": 0.06283754110336304, "loss vc": 238.54591369628906, "loss pi": -2.3722648734292306e-08, "KL": 0.008958670310676098, "_step": 11, "_runtime": 50, "_timestamp": 1610029446, "epoch": 5, "value": 0.2829006314277649, "cost rate": 0.078125, "cumulative cost": 1875.0}