{"loss v": 0.08311594277620316, "loss vc": 14.834430694580078, "loss pi": 8.583068478174027e-09, "KL": 0.006003044079989195, "_step": 1, "_runtime": 10, "_timestamp": 1609814592, "epoch": 0, "value": 0.39760076999664307, "cost rate": 0.00925, "cumulative cost": 37.0}