{"average ep ret": -0.5077803491179684, "average ep cost": 0.0, "_step": 47, "_runtime": 99, "_timestamp": 1610493416, "value function loss": 0.12011150270700455, "policy loss": 1.7583369427143225e-08, "current penalty": 0.897574854612918, "cost rate": 0.01890625, "reward rate": -0.000549919843673706}