{"reward loss": -7.152557435219364e-10, "constraint loss": 4500.248046875, "_step": 149, "_runtime": 639, "_timestamp": 1609972789, "step length": 0.9, "mean rewards": 16.559734344482422, "mean costs": 93.80000305175781, "cum average rewards": 19.07442449835703, "cum average costs": 242.4392742421496}