{"average ep ret": 0.21823574655829392, "average ep cost": 136.0, "_step": 254, "_runtime": 523, "_timestamp": 1610567533, "10p mov avg ret": -1.4677810668945312, "10p mov avg cost": 11.287500381469727, "value function loss": 0.8106963634490967, "policy loss": -2.60770320892334e-08, "current penalty": 0.09757485461291829, "cost rate": 0.02394345238095238, "reward rate": -0.001096226828438895}