{"step length": 1.0, "_step": 199, "_runtime": 660, "_timestamp": 1609967617, "mean rewards": 16.91092300415039, "mean costs": 39.20000076293945, "cum average rewards": 21.372850879436932, "cum average costs": 271.5214557776487}