{"step length": 0.9, "_step": 9, "_runtime": 39, "_timestamp": 1609958815, "mean rewards": 0.709487795829773, "mean costs": 0.0, "cum average rewards": 0.5527282043981055, "cum average costs": 96.98666610717774}