{"step length": 0.9, "_step": 9, "_runtime": 38, "_timestamp": 1609958637, "mean rewards": 2.576133966445923, "mean costs": 88.5999984741211, "cum average rewards": 0.5197753469149272, "cum average costs": 103.82333097457885}