{"episode return": -0.05280112512791413, "episode cost": 51.0, "cumulative return": 6.041380215533048, "cumulative cost": 262.0, "25ep mov avg return": 0.6041380215533046, "25ep mov avg cost": 26.2, "_step": 9, "_runtime": 54, "_timestamp": 1611338858}