{"episode return": 9.955303099638718, "episode cost": 0.0, "cumulative return": 32.25255207111362, "cumulative cost": 84.0, "25ep mov avg return": 3.225255207111361, "25ep mov avg cost": 8.4, "_step": 9, "_runtime": 22, "_timestamp": 1611345534}