{"episode return": 18.902508229199654, "episode cost": 0.0, "cumulative return": 239.5784882567254, "cumulative cost": 355.0, "25ep mov avg return": 14.09285225039561, "25ep mov avg cost": 20.88235294117647, "_step": 16, "_runtime": 66, "_timestamp": 1611121616}