{"episode return": 5.063033134772908, "episode cost": 0.0, "cumulative return": 47.901235816304485, "cumulative cost": 29.0, "25ep mov avg return": 5.322359535144944, "25ep mov avg cost": 3.2222222222222223, "_step": 8, "_runtime": 54, "_timestamp": 1611339568}