{"episode return": 3.8713611819957525, "episode cost": 0.0, "cumulative return": 2336.018934106039, "cumulative cost": 3922.0, "25ep mov avg return": 3.889888077623848, "25ep mov avg cost": 12.68, "_step": 499, "_runtime": 1773, "_timestamp": 1611123402}