{"loss v": 0.0701807513833046, "loss vc": 130.1968994140625, "loss pi": 0.25773346424102783, "KL": 0.017179781571030617, "_step": 5, "_runtime": 18, "_timestamp": 1610049216, "epoch": 2, "value": 0.13921290636062622, "cost rate": 0.03075, "cumulative cost": 369.0}