{"average ep ret": 0.0013322284356019373, "average ep cost": 0.0, "_step": 399, "_runtime": 479, "_timestamp": 1610411304, "value function loss": 14.074023246765137, "policy loss": -2.2351741790771484e-08, "current penalty": 1.303824854612918, "value": 0.015204906463623047, "cost rate": 0.023875, "reward rate": 0.001563785400390625}