{"loss v": 0.14328135550022125, "loss vc": 46.741188049316406, "loss pi": -9.53674295089968e-09, "KL": 0.0207643024623394, "_step": 99, "_runtime": 372, "_timestamp": 1609893583, "epoch": 49, "value": 2.225097417831421, "cost rate": 0.073065, "cumulative cost": 14613.0}