{"step length": 0.9, "_step": 9, "_runtime": 39, "_timestamp": 1609959212, "mean rewards": 0.544611394405365, "mean costs": 45.20000076293945, "cum average rewards": -0.1328971551867047, "cum average costs": 22.283333253860473}