{"loss v": 0.3598296046257019, "loss pi": -4.1127203864732564e-09, "KL": 0.008216298185288906, "_step": 25, "_runtime": 92, "_timestamp": 1609798117, "epoch": 12, "value": 1.4001779556274414, "cost rate": 0.10473076923076922, "cumulative cost": 5446.0}