{"loss v": 0.20744584500789642, "loss vc": 56.87997817993164, "loss pi": -0.011323624290525913, "KL": 0.006225850433111191, "_step": 75, "_runtime": 246, "_timestamp": 1610046139, "epoch": 37, "value": 1.037186622619629, "cost rate": 0.09951315789473685, "cumulative cost": 15126.0}