{"episode return": 1.928245885983359, "episode cost": 0.0, "cumulative return": 470.07580432114435, "cumulative cost": 434.0, "25ep mov avg return": 3.798173510379416, "25ep mov avg cost": 5.8, "_step": 90, "_runtime": 346, "_timestamp": 1611254732}