{"episode return": 6.612943229468947, "episode cost": 19.0, "cumulative return": 1256.5747401843144, "cumulative cost": 2853.0, "10ep mov avg return": 12.098947303271006, "10ep mov avg cost": 35.8, "_step": 99, "_runtime": 375, "_timestamp": 1611114976}