{"loss v": 0.13684768974781036, "loss vc": 97.54953002929688, "loss pi": -7.98702259885431e-09, "KL": 0.021486446261405945, "_step": 49, "_runtime": 233, "_timestamp": 1610002494, "epoch": 24, "value": 1.7075761556625366, "cost rate": 0.09036, "cumulative cost": 9036.0}