{"reward loss": -2.0980834847250662e-09, "constraint loss": -10870.2099609375, "_step": 149, "_runtime": 313, "_timestamp": 1610228929, "step length": 1.0, "mean rewards": 10.644635200500488, "mean costs": 16.399999618530273, "cum average rewards": 9.339086988452543, "cum average costs": 443.84098616842084}