{"step length": 1.0, "_step": 199, "_runtime": 696, "_timestamp": 1609964197, "mean rewards": 15.348073959350586, "mean costs": 75.19999694824219, "cum average rewards": 17.11659971368666, "cum average costs": 316.33794395787476}