{"episode return": -0.1286948282997189, "episode cost": 0.0, "cumulative return": -0.7221405224590088, "cumulative cost": 336.0, "25ep mov avg return": -0.07221405224590088, "25ep mov avg cost": 33.6, "_step": 9, "_runtime": 67, "_timestamp": 1611353400}