{"step length": 0.9, "_step": 9, "_runtime": 45, "_timestamp": 1609960128, "mean rewards": -0.4280455708503723, "mean costs": 33.0, "cum average rewards": -0.7940466796358425, "cum average costs": 30.746666765213014}