{"step length": 0.9, "_step": 67, "_runtime": 238, "_timestamp": 1609969227, "mean rewards": 11.474974632263184, "mean costs": 39.400001525878906, "cum average rewards": 7.84076491628017, "cum average costs": 209.91477373911624}