{"step length": 1.0, "_step": 9, "_runtime": 39, "_timestamp": 1609959524, "mean rewards": 0.3228813409805298, "mean costs": 32.20000076293945, "cum average rewards": -0.03745089508593085, "cum average costs": 139.54999748865762}