{"step length": 0.9, "_step": 9, "_runtime": 38, "_timestamp": 1609958946, "mean rewards": 1.4717735052108765, "mean costs": 72.4000015258789, "cum average rewards": 0.361159984767437, "cum average costs": 200.05666758219402}