{"step length": 1.0, "_step": 199, "_runtime": 682, "_timestamp": 1609971061, "mean rewards": 18.009668350219727, "mean costs": 47.79999923706055, "cum average rewards": 26.02354394755468, "cum average costs": 278.7118461846249}