{"step length": 0.9, "_step": 199, "_runtime": 664, "_timestamp": 1609964866, "mean rewards": 15.541982650756836, "mean costs": 37.599998474121094, "cum average rewards": 26.751381376187258, "cum average costs": 320.5560499315566}