{"loss v": 0.07446587830781937, "loss vc": 171.75546264648438, "loss pi": -6.9141385949933465e-09, "KL": 0.013042096979916096, "_step": 7, "_runtime": 36, "_timestamp": 1610004489, "epoch": 3, "value": 0.13051484525203705, "cost rate": 0.0585625, "cumulative cost": 937.0}