{"reward loss": -1.1062621929625038e-08, "constraint loss": -3828.56884765625, "_step": 29, "_runtime": 66, "_timestamp": 1610129245, "step length": 0.9, "mean rewards": 3.654606580734253, "mean costs": 68.0, "cum average rewards": 1.0711804787500683, "cum average costs": 186.21610336689034}