{"reward loss": -1.831054774470431e-08, "constraint loss": 682.6187744140625, "_step": 89, "_runtime": 206, "_timestamp": 1610237770, "step length": 0.9, "mean rewards": 5.208757400512695, "mean costs": 48.599998474121094, "cum average rewards": 3.8422935503904285, "cum average costs": 229.22071669222254}