{"step length": 0.9, "_step": 79, "_runtime": 274, "_timestamp": 1609965818, "mean rewards": 6.714135646820068, "mean costs": 70.19999694824219, "cum average rewards": 8.876152461233165, "cum average costs": 211.09830716563448}