{"episode return": 16.76475884114313, "episode cost": 39.0, "10ep mov avg return": 16.847091534106518, "10ep mov avg cost": 39.0, "_step": 99, "_runtime": 400, "_timestamp": 1611109741}