{"mean rewards": -0.45865416526794434, "mean costs": 69.19999694824219, "_step": 4, "_runtime": 35, "_timestamp": 1609946093}