{"step length": 0.9, "_step": 9, "_runtime": 40, "_timestamp": 1609959988, "mean rewards": -0.38074809312820435, "mean costs": 143.0, "cum average rewards": -0.6798566420873007, "cum average costs": 43.48000041643778}