{"step length": 0.9, "_step": 9, "_runtime": 39, "_timestamp": 1609959345, "mean rewards": 0.9353730082511902, "mean costs": 88.80000305175781, "cum average rewards": 0.4140223336716493, "cum average costs": 101.75000190734862}