{"reward loss": -2.2673606991929773e-08, "constraint loss": 16959.50390625, "_step": 29, "_runtime": 66, "_timestamp": 1610234189, "step length": 1.0, "mean rewards": 4.8416523933410645, "mean costs": 142.60000610351562, "cum average rewards": 1.883250327024496, "cum average costs": 108.34990775946416}