{"reward loss": 2.5272368642248466e-09, "constraint loss": -10298.865234375, "_step": 71, "_runtime": 148, "_timestamp": 1610215442, "step length": 0.9, "mean rewards": 5.771141529083252, "mean costs": 33.20000076293945, "cum average rewards": 5.045293270906817, "cum average costs": 279.8520833846208}