{"step length": 0.9, "_step": 9, "_runtime": 41, "_timestamp": 1609959710, "mean rewards": 2.5628082752227783, "mean costs": 78.80000305175781, "cum average rewards": 1.3655334874987604, "cum average costs": 128.5200017293294}