{"step length": 0.9, "_step": 129, "_runtime": 442, "_timestamp": 1609970369, "mean rewards": 12.222277641296387, "mean costs": 70.4000015258789, "cum average rewards": 14.845913266267743, "cum average costs": 271.24341524369476}