{"step length": 1.0, "_step": 9, "_runtime": 38, "_timestamp": 1609958680, "mean rewards": 0.7053617835044861, "mean costs": 13.399999618530273, "cum average rewards": -0.7546784241994221, "cum average costs": 75.2233336766561}