{"reward loss": 2.241134611224993e-09, "constraint loss": -1865.665283203125, "_step": 299, "_runtime": 1202, "_timestamp": 1609984239, "step length": 0.9, "mean rewards": 21.624576568603516, "mean costs": 43.79999923706055, "cum average rewards": 29.559860403251466, "cum average costs": 337.1287688929986}