{"episode return": 19.158605202552383, "episode cost": 0.0, "10ep mov avg return": 12.260813275399483, "10ep mov avg cost": 26.8, "_step": 99, "_runtime": 531, "_timestamp": 1611110576}