{"episode return": 7.698803410870128, "episode cost": 11.0, "cumulative return": 2372.216580299221, "cumulative cost": 5400.0, "25ep mov avg return": 5.018000595477425, "25ep mov avg cost": 13.88, "_step": 499, "_runtime": 2953, "_timestamp": 1611371129}