{"episode return": -0.804473321210341, "episode cost": 0.0, "cumulative return": 486.4927388437864, "cumulative cost": 880.0, "25ep mov avg return": 6.380072573725161, "25ep mov avg cost": 4.64, "_step": 99, "_runtime": 224, "_timestamp": 1611266248}