{"average ep ret": 0.8595521794010353, "average ep cost": 0.0, "_step": 1353, "_runtime": 3730, "_timestamp": 1610643461, "10p mov avg ret": 7.8519744873046875, "10p mov avg cost": 27.362499237060547, "value function loss": 74.609375, "policy loss": 0.0, "current penalty": 2.284375, "cost rate": 0.024706111111111113, "reward rate": 0.0037263617621527776}