{"loss v": 0.13460922241210938, "loss pi": -1.907348723406699e-09, "KL": 0.014601543545722961, "_step": 69, "_runtime": 247, "_timestamp": 1609797927, "epoch": 34, "value": 1.6279116868972778, "cost rate": 0.08152142857142858, "cumulative cost": 11413.0}