{"reward loss": 1.1909008001964594e-08, "constraint loss": 6624.18115234375, "_step": 14, "_runtime": 36, "_timestamp": 1610129043, "step length": 0.81, "mean rewards": 0.9776755571365356, "mean costs": 116.5999984741211, "cum average rewards": 0.9776386827230453, "cum average costs": 116.60666834513347}