{"reward loss": -1.3160705414350105e-08, "constraint loss": 244.70980834960938, "_step": 299, "_runtime": 1233, "_timestamp": 1609986714, "step length": 0.9, "mean rewards": 22.781517028808594, "mean costs": 42.29999923706055, "cum average rewards": 32.42283560434732, "cum average costs": 351.4785583873091}