{"loss v": 1.7891372442245483, "loss vc": 2.135885715484619, "loss pi": 1.0728836485895954e-08, "KL": 0.008274090476334095, "_step": 13, "_runtime": 65, "_timestamp": 1609812942, "epoch": 6, "value": 2.206120014190674, "cost rate": 0.07657142857142857, "cumulative cost": 2144.0}