{"step length": 0.9, "_step": 9, "_runtime": 39, "_timestamp": 1609959390, "mean rewards": 0.7237050533294678, "mean costs": 34.20000076293945, "cum average rewards": -1.0825936257839204, "cum average costs": 108.65333366394043}