{"episode return": 15.098988025265207, "episode cost": 80.0, "10ep mov avg return": 13.642121748091688, "10ep mov avg cost": 33.3, "_step": 99, "_runtime": 365, "_timestamp": 1611111449}