{"step length": 1.0, "_step": 9, "_runtime": 38, "_timestamp": 1609958376, "mean rewards": 1.2453258037567139, "mean costs": 143.39999389648438, "cum average rewards": 0.7989460445940495, "cum average costs": 76.27333068847656}