{"step length": 0.9, "_step": 9, "_runtime": 33, "_timestamp": 1609954180, "mean rewards": -0.77642422914505, "mean costs": 114.19999694824219}