{"step length": 0.9, "_step": 9, "_runtime": 39, "_timestamp": 1609960032, "mean rewards": -0.8075137138366699, "mean costs": 24.0, "cum average rewards": -0.29807505433758097, "cum average costs": 116.78666776021322}