{"loss v": 0.24534282088279724, "loss vc": 2.673140525817871, "loss pi": -2.6226043559063328e-09, "KL": 0.019308747723698616, "_step": 99, "_runtime": 374, "_timestamp": 1609804608, "epoch": 49, "value": 1.857259750366211, "cost rate": 0.06946, "cumulative cost": 13892.0}