{"loss v": 0.06335016340017319, "loss vc": 66.25665283203125, "loss pi": -9.53674295089968e-09, "KL": 0.014261147938668728, "_step": 67, "_runtime": 296, "_timestamp": 1609815011, "epoch": 33, "value": 1.4765021800994873, "cost rate": 0.07618382352941176, "cumulative cost": 10361.0}