{"episode return": 8.403192692681785, "episode cost": 0.0, "cumulative return": 240.13712467186983, "cumulative cost": 641.0, "25ep mov avg return": 5.725580735356614, "25ep mov avg cost": 20.36, "_step": 49, "_runtime": 111, "_timestamp": 1611272320}