{"loss v": 0.05382043868303299, "loss vc": 290.8852844238281, "loss pi": -1.5735626135437997e-08, "KL": 0.018543021753430367, "_step": 17, "_runtime": 79, "_timestamp": 1609815665, "epoch": 8, "value": -0.030317336320877075, "cost rate": 0.07944444444444444, "cumulative cost": 2860.0}