{"loss v": 0.11628802120685577, "loss vc": 22.11129379272461, "loss pi": -0.3967423737049103, "KL": -0.0017714068526402116, "_step": 441, "_runtime": 1210, "_timestamp": 1610049180, "epoch": 220, "value": 2.6350924968719482, "cost rate": 0.0675237556561086, "cumulative cost": 59691.0}