{"loss v": 0.060722917318344116, "loss vc": 60.04572296142578, "loss pi": 3.5762786065873797e-09, "KL": 0.009384440258145332, "_step": 15, "_runtime": 69, "_timestamp": 1609815246, "epoch": 7, "value": 0.0861940085887909, "cost rate": 0.06275, "cumulative cost": 2008.0}