{"step length": 1.0, "_step": 9, "_runtime": 40, "_timestamp": 1609960078, "mean rewards": 0.4010590612888336, "mean costs": 15.600000381469727, "cum average rewards": 0.01985988405843575, "cum average costs": 52.54333324432373}