{"episode return": 3.026861371165311, "episode cost": 0.0, "cumulative return": 1176.008833233208, "cumulative cost": 2383.0, "10ep mov avg return": 11.713879377631184, "10ep mov avg cost": 17.6, "_step": 99, "_runtime": 367, "_timestamp": 1611114007}