{"step length": 0.9, "_step": 199, "_runtime": 689, "_timestamp": 1609968311, "mean rewards": 16.771953582763672, "mean costs": 63.20000076293945, "cum average rewards": 18.1662049773508, "cum average costs": 294.43092229014}