{"reward loss": 5.197525076994225e-09, "constraint loss": -5631.0654296875, "_step": 65, "_runtime": 140, "_timestamp": 1610235836, "step length": 0.81, "mean rewards": 4.398692607879639, "mean costs": 44.20000076293945, "cum average rewards": 3.040584075877288, "cum average costs": 237.26511014917742}