{"average ep ret": 2.3995082149426556, "average ep cost": 40.0, "_step": 33, "_runtime": 94, "_timestamp": 1610643567, "10p mov avg ret": 0.6231752634048462, "10p mov avg cost": 67.8499984741211, "value function loss": 242.8356170654297, "policy loss": 2.2351741790771484e-08, "current penalty": 5.981250000000001, "cost rate": 0.06785, "reward rate": 0.0006231752872467041}