{"average ep ret": 1.1881183195900133, "average ep cost": 63.0, "_step": 12, "_runtime": 244, "_timestamp": 1610575499, "10p mov avg ret": -0.2666095793247223, "10p mov avg cost": 37.125, "value function loss": 12.779165267944336, "policy loss": -3.725290298461914e-09, "current penalty": 1.147574854612918, "cost rate": 0.037125, "reward rate": -0.0002666095793247223}