{"step length": 0.81, "_step": 9, "_runtime": 38, "_timestamp": 1609959034, "mean rewards": 0.7447740435600281, "mean costs": 0.0, "cum average rewards": 0.24729842543601993, "cum average costs": 136.04999923706055}