{"average ep ret": 3.7314167815160393, "average ep cost": 0.0, "_step": 272, "_runtime": 585, "_timestamp": 1610568136, "10p mov avg ret": 2.7156894207000732, "10p mov avg cost": 24.787500381469727, "value function loss": 16.21561050415039, "policy loss": 1.30385160446167e-08, "current penalty": 10.743750000000004, "cost rate": 0.03338055555555555, "reward rate": 0.0021007876925998262}