{"episode return": 14.000752894154836, "episode cost": 0.0, "cumulative return": 6523.2081496055835, "cumulative cost": 14723.0, "25ep mov avg return": 14.221848781444924, "25ep mov avg cost": 20.76, "_step": 499, "_runtime": 2625, "_timestamp": 1611121300}