{"reward loss": 6.628036341993493e-09, "constraint loss": 702.1282958984375, "_step": 149, "_runtime": 638, "_timestamp": 1609973432, "step length": 1.0, "mean rewards": 15.326991081237793, "mean costs": 59.400001525878906, "cum average rewards": 18.325761219914515, "cum average costs": 192.5089231075523}