{"step length": 1.0, "_step": 9, "_runtime": 34, "_timestamp": 1609957768, "mean rewards": 0.9111801981925964, "mean costs": 158.1999969482422, "cum average rewards": 0.18727521126468974, "cum average costs": 148.44333623250327}