{"loss v": 0.08228296041488647, "loss vc": 261.0408935546875, "loss pi": -2.6226043559063328e-09, "KL": 0.008233067579567432, "_step": 15, "_runtime": 73, "_timestamp": 1609815337, "epoch": 7, "value": 0.17932233214378357, "cost rate": 0.07653125, "cumulative cost": 2449.0}