{"reward loss": 1.6593933338526767e-08, "constraint loss": 10.444113731384277, "_step": 299, "_runtime": 1308, "_timestamp": 1609988027, "step length": 0.9, "mean rewards": 19.453533172607422, "mean costs": 61.70000076293945, "cum average rewards": 29.45077277186518, "cum average costs": 247.2753390939796}