{"step length": 0.81, "_step": 1, "_runtime": 10, "_timestamp": 1609971078, "mean rewards": -0.10057230293750763, "mean costs": 45.400001525878906, "cum average rewards": -0.050286151468753815, "cum average costs": 22.700000762939453}