{"episode return": 16.1144207594834, "episode cost": 0.0, "cumulative return": 603.0702743829191, "cumulative cost": 1062.0, "25ep mov avg return": 10.37660446421874, "25ep mov avg cost": 22.0, "_step": 49, "_runtime": 110, "_timestamp": 1611513453}