{"episode return": 0.47237898394150846, "episode cost": 0.0, "cumulative return": 59.784221266483925, "cumulative cost": 0.0, "25ep mov avg return": 5.978422126648392, "25ep mov avg cost": 0.0, "_step": 9, "_runtime": 59, "_timestamp": 1611341085}