{"episode return": -0.3170735854032152, "episode cost": 18.0, "cumulative return": 3.150323789500483, "cumulative cost": 198.0, "25ep mov avg return": 0.3150323789500483, "25ep mov avg cost": 19.8, "_step": 9, "_runtime": 62, "_timestamp": 1611339701}