{"loss v": 0.11407576501369476, "loss vc": 276.2838439941406, "loss pi": -7.98702259885431e-09, "KL": 0.012761922553181648, "_step": 21, "_runtime": 97, "_timestamp": 1609892802, "epoch": 10, "value": 0.9559165239334106, "cost rate": 0.07577272727272727, "cumulative cost": 3334.0}