{"average ep ret": 0.01929489127650558, "average ep cost": 0.063, "_step": 105, "_runtime": 148, "_timestamp": 1610112857, "value function loss": 0.5420623421669006, "policy loss": 1.4901161193847656e-08, "value": 2.1928224563598633, "cost rate": 0.10153846153846154, "reward rate": 0.007099732032189002}