{"step length": 0.81, "_step": 7, "_runtime": 33, "_timestamp": 1609960174, "mean rewards": 0.4381372034549713, "mean costs": 76.5999984741211, "cum average rewards": 0.40203306140999, "cum average costs": 79.0866687297821}