{"step length": 0.9, "_step": 9, "_runtime": 38, "_timestamp": 1609958420, "mean rewards": -0.05415288358926773, "mean costs": 68.0, "cum average rewards": -0.5201098901530107, "cum average costs": 92.75333293279012}