{"reward loss": 1.3160705414350105e-08, "constraint loss": 358.0856628417969, "_step": 299, "_runtime": 1237, "_timestamp": 1609983033, "step length": 1.0, "mean rewards": 20.85150718688965, "mean costs": 37.20000076293945, "cum average rewards": 29.01745807948617, "cum average costs": 232.16127328098932}