{"loss v": 0.09814285486936569, "loss vc": 92.71231842041016, "loss pi": -0.25773346424102783, "KL": 0.012518542818725109, "_step": 5, "_runtime": 18, "_timestamp": 1610049216, "epoch": 2, "value": -0.25225356221199036, "cost rate": 0.03075, "cumulative cost": 369.0}