{"step length": 0.9, "_step": 9, "_runtime": 39, "_timestamp": 1609959301, "mean rewards": 0.7652066946029663, "mean costs": 25.600000381469727, "cum average rewards": 0.4048122812062502, "cum average costs": 177.99999828338625}