{"step length": 0.9, "_step": 9, "_runtime": 39, "_timestamp": 1609959434, "mean rewards": -1.9813019037246704, "mean costs": 63.0, "cum average rewards": -1.5305388391017913, "cum average costs": 62.576666831970215}