{"reward loss": -5.7220459481754915e-09, "constraint loss": 3543.169189453125, "_step": 299, "_runtime": 1262, "_timestamp": 1609990583, "step length": 1.0, "mean rewards": 21.43448829650879, "mean costs": 77.0999984741211, "cum average rewards": 32.475592247253964, "cum average costs": 258.21174122700484}