{"step length": 0.7290000000000001, "_step": 9, "_runtime": 37, "_timestamp": 1609957935, "mean rewards": 0.9895830154418945, "mean costs": 82.5999984741211, "cum average rewards": 0.24715504546960196, "cum average costs": 60.68666547139485}