{"loss v": 0.15587995946407318, "loss vc": 3.29500150680542, "loss pi": 1.4305114870438729e-09, "KL": 0.01324634999036789, "_step": 91, "_runtime": 341, "_timestamp": 1609804221, "epoch": 45, "value": 1.6319656372070312, "cost rate": 0.07094565217391305, "cumulative cost": 13054.0}