{"step length": 0.9, "_step": 9, "_runtime": 39, "_timestamp": 1609959124, "mean rewards": -0.09348945319652557, "mean costs": 98.19999694824219, "cum average rewards": -0.45703494859238464, "cum average costs": 44.78999951680501}