{"loss v": 0.2993530333042145, "loss vc": 10.382719993591309, "loss pi": -3.182887908792509e-08, "KL": 0.008848514407873154, "_step": 1, "_runtime": 11, "_timestamp": 1610002515, "epoch": 0, "value": 0.15538442134857178, "cost rate": 0.01125, "cumulative cost": 45.0}