{"reward loss": -2.2840499269705106e-08, "constraint loss": 14756.8388671875, "_step": 29, "_runtime": 63, "_timestamp": 1610232475, "step length": 0.9, "mean rewards": 0.3603886067867279, "mean costs": 166.39999389648438, "cum average rewards": 1.0720537200742124, "cum average costs": 84.25798737890965}