{"step length": 0.9, "_step": 9, "_runtime": 36, "_timestamp": 1609957893, "mean rewards": -0.5389682054519653, "mean costs": 272.6000061035156, "cum average rewards": -0.5258681058883666, "cum average costs": 120.02000061670938}