{"graph_0": {"_type": "graph-file", "path": "media/graph/graph_0_summary_1a35cd48.graph.json", "sha256": "1a35cd486a749b3f943b9bca30a6da4e324968f863a0b39fca375ceb6a0d7e2b", "size": 1271}, "20it average epoch loss": 0.0, "_step": 166, "_runtime": 119, "_timestamp": 1611345114, "max return": 1.0208450489360583, "min cost": 0, "gradients/var_net.bias": {"_type": "histogram", "values": [1.0, 0.0, 0.0, 0.0, 0.0, 0.0, 0.0, 0.0, 0.0, 0.0, 0.0, 0.0, 0.0, 0.0, 0.0, 0.0, 0.0, 0.0, 0.0, 0.0, 0.0, 0.0, 0.0, 0.0, 0.0, 0.0, 0.0, 0.0, 0.0, 0.0, 0.0, 0.0, 0.0, 0.0, 0.0, 0.0, 0.0, 0.0, 0.0, 0.0, 0.0, 0.0, 0.0, 0.0, 0.0, 0.0, 0.0, 0.0, 0.0, 0.0, 0.0, 0.0, 0.0, 0.0, 0.0, 0.0, 0.0, 0.0, 0.0, 0.0, 0.0, 0.0, 0.0, 1.0], "bins": [-0.08720408380031586, -0.08577052503824234, -0.08433697372674942, -0.0829034149646759, -0.08146986365318298, -0.08003630489110947, -0.07860275357961655, -0.07716919481754303, -0.07573564350605011, -0.07430208474397659, -0.07286853343248367, -0.07143497467041016, -0.07000142335891724, -0.06856786459684372, -0.0671343132853508, -0.06570075452327728, -0.06426720321178436, -0.06283364444971085, -0.061400093138217926, -0.05996653810143471, -0.05853298306465149, -0.05709942802786827, -0.05566587299108505, -0.054232314229011536, -0.05279875546693802, -0.0513652004301548, -0.04993164539337158, -0.048498090356588364, -0.047064535319805145, -0.04563098028302193, -0.04419742524623871, -0.04276386648416519, -0.04133031889796257, -0.03989676386117935, -0.03846320882439613, -0.037029653787612915, -0.0355960987508297, -0.03416254371404648, -0.03272898495197296, -0.03129543364048004, -0.029861876741051674, -0.028428321704268456, -0.026994766667485237, -0.02556120976805687, -0.02412765473127365, -0.022694099694490433, -0.021260544657707214, -0.019826989620923996, -0.018393434584140778, -0.01695987954735756, -0.01552632451057434, -0.014092768542468548, -0.01265921350568533, -0.011225658468902111, -0.009792102500796318, -0.0083585474640131, -0.006924991961568594, -0.005491436459124088, -0.00405788142234087, -0.002624325919896364, -0.0011907708831131458, 0.00024278415367007256, 0.0016763401217758656, 0.003109895158559084, 0.004543450195342302]}, "gradients/var_net.weight": {"_type": "histogram", "values": [1.0, 0.0, 0.0, 2.0, 0.0, 1.0, 2.0, 1.0, 1.0, 0.0, 0.0, 2.0, 1.0, 3.0, 2.0, 2.0, 1.0, 3.0, 4.0, 3.0, 2.0, 1.0, 2.0, 5.0, 4.0, 1.0, 5.0, 3.0, 6.0, 4.0, 3.0, 6.0, 2.0, 3.0, 8.0, 4.0, 2.0, 6.0, 1.0, 4.0, 2.0, 6.0, 7.0, 6.0, 4.0, 7.0, 6.0, 12.0, 7.0, 21.0, 26.0, 12.0, 6.0, 5.0, 1.0, 3.0, 7.0, 6.0, 0.0, 2.0, 2.0, 4.0, 2.0, 1.0], "bins": [-0.09086759388446808, -0.08904647827148438, -0.08722537010908127, -0.08540425449609756, -0.08358313888311386, -0.08176203072071075, -0.07994091510772705, -0.07811979949474335, -0.07629868388175964, -0.07447756826877594, -0.07265646010637283, -0.07083534449338913, -0.06901422888040543, -0.06719312071800232, -0.06537200510501862, -0.06355088949203491, -0.061729781329631805, -0.0599086694419384, -0.0580875538289547, -0.05626644194126129, -0.05444532632827759, -0.05262421444058418, -0.05080310255289078, -0.048981986939907074, -0.04716087505221367, -0.045339763164520264, -0.04351864755153656, -0.041697535663843155, -0.03987642377614975, -0.038055308163166046, -0.03623419627547264, -0.034413084387779236, -0.03259197250008583, -0.030770858749747276, -0.028949744999408722, -0.027128633111715317, -0.025307519361376762, -0.023486405611038208, -0.021665293723344803, -0.01984417997300625, -0.018023066222667694, -0.01620195247232914, -0.01438083965331316, -0.01255972683429718, -0.010738613083958626, -0.008917499333620071, -0.007096386514604092, -0.005275273695588112, -0.0034541599452495575, -0.0016330466605722904, 0.00018806662410497665, 0.0020091799087822437, 0.003830293193459511, 0.005651406943798065, 0.007472519762814045, 0.009293632581830025, 0.011114746332168579, 0.012935860082507133, 0.014756972901523113, 0.016578085720539093, 0.018399199470877647, 0.020220313221216202, 0.022041425108909607, 0.02386253885924816, 0.025683652609586716]}, "gradients/mu_net.bias": {"_type": "histogram", "values": [1.0, 0.0, 0.0, 0.0, 0.0, 0.0, 0.0, 0.0, 0.0, 0.0, 0.0, 0.0, 0.0, 0.0, 0.0, 0.0, 0.0, 0.0, 0.0, 0.0, 0.0, 0.0, 0.0, 0.0, 0.0, 0.0, 0.0, 0.0, 0.0, 0.0, 0.0, 0.0, 0.0, 0.0, 0.0, 0.0, 0.0, 0.0, 0.0, 0.0, 0.0, 0.0, 0.0, 0.0, 0.0, 0.0, 0.0, 0.0, 0.0, 0.0, 0.0, 0.0, 0.0, 0.0, 0.0, 0.0, 0.0, 0.0, 0.0, 0.0, 0.0, 0.0, 0.0, 1.0], "bins": [-0.0496806725859642, -0.04956518113613129, -0.04944968968629837, -0.049334198236465454, -0.04921870678663254, -0.04910321533679962, -0.048987723886966705, -0.04887223243713379, -0.04875674098730087, -0.04864124953746796, -0.04852575808763504, -0.048410266637802124, -0.04829477518796921, -0.04817928373813629, -0.048063792288303375, -0.04794830083847046, -0.04783280938863754, -0.047717317938804626, -0.04760182648897171, -0.047486335039138794, -0.04737084358930588, -0.04725535213947296, -0.047139860689640045, -0.04702436923980713, -0.046908874064683914, -0.046793382614851, -0.04667789116501808, -0.046562399715185165, -0.04644690826535225, -0.04633141681551933, -0.04621592536568642, -0.0461004339158535, -0.045984942466020584, -0.04586945101618767, -0.04575395956635475, -0.045638468116521835, -0.04552297666668892, -0.045407485216856, -0.04529199376702309, -0.04517650231719017, -0.045061010867357254, -0.04494551941752434, -0.04483002796769142, -0.044714536517858505, -0.04459904506802559, -0.04448355361819267, -0.044368062168359756, -0.04425257071852684, -0.044137075543403625, -0.04402158409357071, -0.04390609264373779, -0.04379060119390488, -0.04367510974407196, -0.043559618294239044, -0.04344412684440613, -0.04332863539457321, -0.043213143944740295, -0.04309765249490738, -0.04298216104507446, -0.04286666959524155, -0.04275117814540863, -0.042635686695575714, -0.0425201952457428, -0.04240470379590988, -0.042289212346076965]}, "gradients/mu_net.weight": {"_type": "histogram", "values": [1.0, 0.0, 0.0, 1.0, 0.0, 0.0, 0.0, 0.0, 1.0, 1.0, 1.0, 2.0, 2.0, 1.0, 1.0, 4.0, 2.0, 3.0, 4.0, 4.0, 5.0, 0.0, 6.0, 1.0, 2.0, 3.0, 11.0, 6.0, 10.0, 6.0, 3.0, 7.0, 4.0, 8.0, 4.0, 4.0, 6.0, 8.0, 6.0, 7.0, 7.0, 9.0, 9.0, 5.0, 32.0, 3.0, 8.0, 10.0, 7.0, 2.0, 4.0, 4.0, 4.0, 1.0, 0.0, 2.0, 3.0, 1.0, 2.0, 2.0, 3.0, 1.0, 0.0, 2.0], "bins": [-0.08528213948011398, -0.08335158973932266, -0.08142103999853134, -0.07949049025774002, -0.0775599330663681, -0.07562938332557678, -0.07369883358478546, -0.07176828384399414, -0.06983773410320282, -0.0679071843624115, -0.06597663462162018, -0.06404608488082886, -0.06211553141474724, -0.06018498167395592, -0.0582544282078743, -0.05632387846708298, -0.054393328726291656, -0.052462778985500336, -0.050532229244709015, -0.048601675778627396, -0.046671126037836075, -0.044740576297044754, -0.042810022830963135, -0.040879473090171814, -0.03894892334938049, -0.03701837360858917, -0.03508782386779785, -0.03315727040171623, -0.03122672066092491, -0.02929617092013359, -0.02736561931669712, -0.02543506771326065, -0.02350451424717903, -0.02157396450638771, -0.01964341290295124, -0.01771286129951477, -0.01578231155872345, -0.013851760886609554, -0.011921210214495659, -0.009990659542381763, -0.008060108870267868, -0.006129558198153973, -0.004199007526040077, -0.002268456853926182, -0.0003379061818122864, 0.001592644490301609, 0.0035231951624155045, 0.0054537458345294, 0.007384296506643295, 0.00931484717875719, 0.011245397850871086, 0.013175948522984982, 0.015106499195098877, 0.017037048935890198, 0.018967600539326668, 0.020898152142763138, 0.02282870188355446, 0.02475925162434578, 0.02668980322778225, 0.02862035483121872, 0.03055090457201004, 0.03248145431280136, 0.03441200405359268, 0.0363425575196743, 0.03827310726046562]}, "gradients/shared_net.2.bias": {"_type": "histogram",