{"average ep ret": -2.1651576676759032, "average ep cost": 0.0, "_step": 39, "_runtime": 84, "_timestamp": 1610499732, "value function loss": 8.033303260803223, "policy loss": -3.5107134976897214e-08, "current penalty": 0.9563248546129179, "cost rate": 0.023833333333333335, "reward rate": 1.3942427933216094e-05}