{"reward loss": 8.583068700218632e-10, "constraint loss": 77.25861358642578, "_step": 299, "_runtime": 1292, "_timestamp": 1609977866, "step length": 1.0, "mean rewards": 20.02695655822754, "mean costs": 64.5999984741211, "cum average rewards": 25.694650803972245, "cum average costs": 308.2384076002899}