{"loss v": 0.12062400579452515, "loss vc": 69.46891784667969, "loss pi": 1.5497207073167374e-08, "KL": 0.016654934734106064, "_step": 69, "_runtime": 308, "_timestamp": 1610003505, "epoch": 34, "value": 2.1406073570251465, "cost rate": 0.0854, "cumulative cost": 11956.0}