{"reward loss": -8.583068478174027e-09, "constraint loss": 137.3173065185547, "_step": 1499, "_runtime": 3065, "_timestamp": 1610407839, "step length": 1.0, "mean rewards": 25.992111206054688, "mean costs": 42.79999923706055, "cum average rewards": 50.915022924609104, "cum average costs": 395.83593987100704}