{"step length": 1.0, "_step": 9, "_runtime": 38, "_timestamp": 1609958201, "mean rewards": 0.7008394598960876, "mean costs": 123.0, "cum average rewards": 0.16213623105237884, "cum average costs": 93.94000085194907}