{"loss v": 0.020076420158147812, "loss vc": 1045.096923828125, "loss pi": 9.775162013170302e-09, "KL": 0.012588020414113998, "_step": 7, "_runtime": 39, "_timestamp": 1609814646, "epoch": 3, "value": -0.028775576502084732, "cost rate": 0.1031875, "cumulative cost": 1651.0}