{"step length": 0.9, "_step": 199, "_runtime": 668, "_timestamp": 1609965539, "mean rewards": 19.83133316040039, "mean costs": 30.799999237060547, "cum average rewards": 23.50239911539507, "cum average costs": 192.06748472395094}