{"step length": 0.9, "_step": 9, "_runtime": 40, "_timestamp": 1609959801, "mean rewards": 0.2947812080383301, "mean costs": 110.19999694824219, "cum average rewards": -0.03685508370399475, "cum average costs": 91.0}