{"graph_0": {"_type": "graph-file", "path": "media/graph/graph_0_summary_13beba97.graph.json", "sha256": "13beba9799a5d3d4f71103a44526903c6fb5eadbc610d4fcf96cdf0d9f55c232", "size": 1271}, "20it average epoch loss": 0.0, "_step": 600, "_runtime": 873, "_timestamp": 1611355339, "max return": 1.0262122316462337, "min cost": 0, "gradients/var_net.bias": {"_type": "histogram", "values": [1.0, 0.0, 0.0, 0.0, 0.0, 0.0, 0.0, 0.0, 0.0, 0.0, 0.0, 0.0, 0.0, 0.0, 0.0, 0.0, 0.0, 0.0, 0.0, 0.0, 0.0, 0.0, 0.0, 0.0, 0.0, 0.0, 0.0, 0.0, 0.0, 0.0, 0.0, 0.0, 0.0, 0.0, 0.0, 0.0, 0.0, 0.0, 0.0, 0.0, 0.0, 0.0, 0.0, 0.0, 0.0, 0.0, 0.0, 0.0, 0.0, 0.0, 0.0, 0.0, 0.0, 0.0, 0.0, 0.0, 0.0, 0.0, 0.0, 0.0, 0.0, 0.0, 0.0, 1.0], "bins": [-0.017862286418676376, -0.016963619738817215, -0.016064951196312904, -0.015166284516453743, -0.014267616905272007, -0.013368949294090271, -0.01247028261423111, -0.011571615003049374, -0.010672947391867638, -0.009774279780685902, -0.00887561310082674, -0.007976945489645004, -0.007078277878463268, -0.00617961073294282, -0.005280943587422371, -0.004382275976240635, -0.0034836092963814735, -0.002584941918030381, -0.0016862746560946107, -0.0007876073941588402, 0.00011105998419225216, 0.0010097273625433445, 0.0019083945080637932, 0.002807062119245529, 0.003705729264765978, 0.0046043964102864265, 0.0055030640214681625, 0.006401731166988611, 0.00730039831250906, 0.008199065923690796, 0.009097732603549957, 0.009996401146054268, 0.01089506782591343, 0.011793735437095165, 0.012692402116954327, 0.013591069728136063, 0.014489737339317799, 0.015388404950499535, 0.016287071630358696, 0.017185740172863007, 0.018084406852722168, 0.01898307353258133, 0.01988174207508564, 0.0207804087549448, 0.021679075434803963, 0.022577743977308273, 0.023476410657167435, 0.024375077337026596, 0.025273744016885757, 0.02617241069674492, 0.02707107923924923, 0.02796974591910839, 0.028868412598967552, 0.029767081141471863, 0.030665747821331024, 0.031564414501190186, 0.032463084906339645, 0.03336175158619881, 0.03426041826605797, 0.03515908867120743, 0.03605775535106659, 0.03695642203092575, 0.03785508871078491, 0.038753755390644073, 0.039652422070503235]}, "gradients/var_net.weight": {"_type": "histogram", "values": [1.0, 0.0, 2.0, 0.0, 2.0, 0.0, 1.0, 3.0, 3.0, 6.0, 4.0, 3.0, 0.0, 2.0, 4.0, 3.0, 7.0, 10.0, 5.0, 5.0, 10.0, 8.0, 12.0, 24.0, 23.0, 8.0, 2.0, 0.0, 2.0, 7.0, 1.0, 1.0, 2.0, 7.0, 7.0, 5.0, 5.0, 4.0, 2.0, 5.0, 8.0, 10.0, 6.0, 3.0, 3.0, 6.0, 2.0, 0.0, 3.0, 0.0, 2.0, 3.0, 1.0, 4.0, 2.0, 0.0, 0.0, 1.0, 1.0, 2.0, 0.0, 1.0, 1.0, 1.0], "bins": [-0.02255265787243843, -0.02161853201687336, -0.02068440616130829, -0.019750280305743217, -0.018816154450178146, -0.017882028594613075, -0.016947902739048004, -0.016013776883482933, -0.015079651027917862, -0.01414552517235279, -0.01321139931678772, -0.012277273461222649, -0.011343147605657578, -0.010409021750092506, -0.009474895894527435, -0.008540770038962364, -0.007606645114719868, -0.006672519259154797, -0.0057383934035897255, -0.004804267548024654, -0.003870141925290227, -0.0029360163025557995, -0.0020018904469907284, -0.0010677645914256573, -0.00013363873586058617, 0.000800487061496824, 0.0017346128588542342, 0.0026687385980039835, 0.0036028644535690546, 0.004536990076303482, 0.005471115931868553, 0.006405241787433624, 0.007339367642998695, 0.008273493498563766, 0.009207619354128838, 0.010141745209693909, 0.01107587106525898, 0.012009996920824051, 0.012944122776389122, 0.013878248631954193, 0.014812374487519264, 0.015746500343084335, 0.016680626198649406, 0.017614752054214478, 0.01854887790977955, 0.01948300376534462, 0.02041712962090969, 0.021351255476474762, 0.022285379469394684, 0.023219505324959755, 0.024153631180524826, 0.025087757036089897, 0.026021882891654968, 0.02695600874722004, 0.02789013460278511, 0.02882426045835018, 0.029758386313915253, 0.030692512169480324, 0.031626638025045395, 0.03256076201796532, 0.03349488973617554, 0.03442901372909546, 0.03536314144730568, 0.0362972654402256, 0.03723139315843582]}, "gradients/mu_net.bias": {"_type": "histogram", "values": [1.0, 0.0, 0.0, 0.0, 0.0, 0.0, 0.0, 0.0, 0.0, 0.0, 0.0, 0.0, 0.0, 0.0, 0.0, 0.0, 0.0, 0.0, 0.0, 0.0, 0.0, 0.0, 0.0, 0.0, 0.0, 0.0, 0.0, 0.0, 0.0, 0.0, 0.0, 0.0, 0.0, 0.0, 0.0, 0.0, 0.0, 0.0, 0.0, 0.0, 0.0, 0.0, 0.0, 0.0, 0.0, 0.0, 0.0, 0.0, 0.0, 0.0, 0.0, 0.0, 0.0, 0.0, 0.0, 0.0, 0.0, 0.0, 0.0, 0.0, 0.0, 0.0, 0.0, 1.0], "bins": [-0.04908134788274765, -0.04704956337809563, -0.045017778873443604, -0.04298599064350128, -0.04095420613884926, -0.038922421634197235, -0.03689063340425491, -0.03485884889960289, -0.03282706439495087, -0.030795279890298843, -0.02876349352300167, -0.0267317071557045, -0.024699922651052475, -0.02266813814640045, -0.02063635177910328, -0.018604565411806107, -0.016572780907154083, -0.014540995471179485, -0.012509210035204887, -0.01047742459923029, -0.008445639163255692, -0.006413853727281094, -0.004382068291306496, -0.0023502828553318977, -0.0003184974193572998, 0.0017132880166172981, 0.003745073452591896, 0.005776858888566494, 0.007808644324541092, 0.00984042976051569, 0.011872215196490288, 0.013904000632464886, 0.01593579351902008, 0.017967578023672104, 0.019999364390969276, 0.02203115075826645, 0.024062935262918472, 0.026094719767570496, 0.028126506134867668, 0.03015829250216484, 0.032190077006816864, 0.03422186151146889, 0.03625364601612091, 0.03828543424606323, 0.040317218750715256, 0.04234900325536728, 0.0443807914853096, 0.046412575989961624, 0.04844436049461365, 0.05047614499926567, 0.052507929503917694, 0.054539717733860016, 0.05657150223851204, 0.05860328674316406, 0.060635074973106384, 0.06266685575246811, 0.06469864398241043, 0.06673043221235275, 0.06876221299171448, 0.0707940012216568, 0.07282578945159912, 0.07485757023096085, 0.07688935846090317, 0.07892113924026489, 0.08095292747020721]}, "gradients/mu_net.weight": {"_type": "histogram", "values": [1.0, 1.0, 1.0, 0.0, 0.0, 3.0, 0.0, 2.0, 2.0, 2.0, 2.0, 3.0, 2.0, 5.0, 6.0, 4.0, 6.0, 4.0, 4.0, 8.0, 11.0, 13.0, 6.0, 6.0, 5.0, 19.0, 22.0, 6.0, 4.0, 3.0, 4.0, 7.0, 5.0, 4.0, 7.0, 7.0, 9.0, 5.0, 6.0, 4.0, 9.0, 5.0, 2.0, 8.0, 1.0, 2.0, 3.0, 2.0, 1.0, 2.0, 2.0, 2.0, 1.0, 2.0, 1.0, 1.0, 0.0, 1.0, 1.0, 0.0, 0.0, 0.0, 0.0, 1.0], "bins": [-0.05943402647972107, -0.05715162679553032, -0.05486922711133957, -0.05258682370185852, -0.05030442401766777, -0.04802202433347702, -0.04573962464928627, -0.04345722496509552, -0.04117482155561447, -0.03889242187142372, -0.03661002218723297, -0.03432761877775192, -0.03204521909356117, -0.029762819409370422, -0.027480419725179672, -0.025198018178343773, -0.022915620356798172, -0.020633220672607422, -0.018350819125771523, -0.016068419441580772, -0.013786018826067448, -0.011503618210554123, -0.009221218526363373, -0.0069388169795274734, -0.004656417295336723, -0.0023740169126540422, -9.161652997136116e-05, 0.0021907836198806763, 0.004473184235394001, 0.006755584850907326, 0.009037984535098076, 0.011320386081933975, 0.013602785766124725, 0.015885185450315475, 0.018167586997151375, 0.020449986681342125, 0.022732388228178024, 0.025014787912368774, 0.027297187596559525, 0.029579589143395424, 0.03186199069023132, 0.03414439037442207, 0.036426790058612823, 0.03870919346809387, 0.04099159315228462, 0.04327399283647537, 0.04555639252066612, 0.04783879220485687, 0.05012119188904762, 0.05240359157323837, 0.05468599125742912, 0.05696839094161987, 0.05925079435110092, 0.06153319403529167, 0.06381559371948242, 0.06609799712896347, 0.06838039308786392, 0.07066279649734497, 0.07294519245624542, 0.07522759586572647, 0.07750999182462692, 0.07979239523410797, 0.08207479119300842, 0.08435719460248947, 0.08663959801197052]}, "gradients/shared_net.2.bias": {"_type": "histogram",