{"loss v": 0.2626233994960785, "loss vc": 353.66595458984375, "loss pi": -8.225440772946513e-09, "KL": 0.01625150814652443, "_step": 29, "_runtime": 137, "_timestamp": 1610004775, "epoch": 14, "value": 0.48101234436035156, "cost rate": 0.1063, "cumulative cost": 6378.0}