{"step length": 0.9, "_step": 9, "_runtime": 38, "_timestamp": 1609958289, "mean rewards": 0.9024118185043335, "mean costs": 186.0, "cum average rewards": 0.4643770781656107, "cum average costs": 80.67333240509033}