{"step length": 1.0, "_step": 9, "_runtime": 39, "_timestamp": 1609958903, "mean rewards": -1.5814987421035767, "mean costs": 7.400000095367432, "cum average rewards": -0.6086567752063274, "cum average costs": 144.13999889691672}