{"reward loss": -1.1491775531169424e-08, "constraint loss": -1865.138671875, "_step": 149, "_runtime": 671, "_timestamp": 1609972144, "step length": 0.9, "mean rewards": 16.762378692626953, "mean costs": 62.20000076293945, "cum average rewards": 19.86791453950866, "cum average costs": 256.1249936115995}