{"mean rewards": -0.17038080096244812, "mean costs": 0.20000000298023224, "_step": 4, "_runtime": 35, "_timestamp": 1609947387}