{"reward loss": 1.7356873271978657e-08, "constraint loss": 503.8064880371094, "_step": 149, "_runtime": 644, "_timestamp": 1609975360, "step length": 0.9, "mean rewards": 15.008848190307617, "mean costs": 39.900001525878906, "cum average rewards": 15.753005468548237, "cum average costs": 246.87594617161628}