{"episode return": 8.385755376961018, "episode cost": 10.0, "cumulative return": 74.16355835739871, "cumulative cost": 132.0, "25ep mov avg return": 4.12019768652215, "25ep mov avg cost": 7.333333333333333, "_step": 17, "_runtime": 45, "_timestamp": 1611272637}