{"step length": 0.9, "_step": 9, "_runtime": 41, "_timestamp": 1609959571, "mean rewards": 0.7613199949264526, "mean costs": 179.0, "cum average rewards": 0.19002626836299896, "cum average costs": 119.93000132242837}