{"loss v": 0.10842297226190567, "loss vc": 196.36354064941406, "loss pi": 1.4305114870438729e-09, "KL": 0.00881508644670248, "_step": 41, "_runtime": 157, "_timestamp": 1609802232, "epoch": 20, "value": 1.5253067016601562, "cost rate": 0.10126190476190476, "cumulative cost": 8506.0}