{"loss v": 0.07897388190031052, "loss vc": 225.2437286376953, "loss pi": -5.60283641704018e-09, "KL": 0.011701568029820919, "_step": 25, "_runtime": 119, "_timestamp": 1609816676, "epoch": 12, "value": 0.3587794005870819, "cost rate": 0.07923076923076923, "cumulative cost": 4120.0}