{"loss v": 0.16409991681575775, "loss pi": -1.1563301427486294e-08, "KL": 0.02348356880247593, "_step": 199, "_runtime": 670, "_timestamp": 1609796778, "epoch": 49, "value": 2.1706366539001465, "cost rate": 0.080505, "cumulative cost": 16101.0}