{"episode return": 9.98611684061491, "episode cost": 19.0, "cumulative return": 54.32248052361668, "cumulative cost": 132.0, "25ep mov avg return": 5.432248052361669, "25ep mov avg cost": 13.2, "_step": 9, "_runtime": 57, "_timestamp": 1611353857}