{"reward loss": 5.054473728449693e-09, "constraint loss": 11370.6494140625, "_step": 1, "_runtime": 9, "_timestamp": 1610235648, "step length": 0.7290000000000001}