{"step length": 0.9, "_step": 9, "_runtime": 43, "_timestamp": 1609958068, "mean rewards": 2.6692817211151123, "mean costs": 122.80000305175781, "cum average rewards": 0.30111748130293564, "cum average costs": 117.34666748046875}