{"reward loss": -6.1988831845383174e-09, "constraint loss": 454.32073974609375, "_step": 68, "_runtime": 152, "_timestamp": 1610234712, "step length": 1.0, "mean rewards": 3.8228790760040283, "mean costs": 57.400001525878906, "cum average rewards": 3.29403588357567, "cum average costs": 191.10710708957376}