{"average ep ret": 2.307124895466974, "average ep cost": 0.0, "_step": 1047, "_runtime": 2669, "_timestamp": 1610596771, "10p mov avg ret": 1.7829723358154297, "10p mov avg cost": 14.149999618530273, "value function loss": 44.929412841796875, "policy loss": -7.450580596923828e-09, "current penalty": 3.7468749999999993, "cost rate": 0.024876436781609196, "reward rate": 0.001527058042328933}