{"mean rewards": -1.131467580795288, "mean costs": 7.800000190734863, "_step": 4, "_runtime": 38, "_timestamp": 1609944879}