{"graph_0": {"_type": "graph-file", "path": "media/graph/graph_0_summary_74bea3b6.graph.json", "sha256": "74bea3b65eb62b449c5add39a18e68916d6cec0f5282a7584bf77673119d591b", "size": 1271}, "20it average epoch loss": 0.0, "_step": 60, "_runtime": 80, "_timestamp": 1611353796, "max return": 1.0266044171961273, "min cost": 0, "gradients/var_net.bias": {"_type": "histogram", "values": [1.0, 0.0, 0.0, 0.0, 0.0, 0.0, 0.0, 0.0, 0.0, 0.0, 0.0, 0.0, 0.0, 0.0, 0.0, 0.0, 0.0, 0.0, 0.0, 0.0, 0.0, 0.0, 0.0, 0.0, 0.0, 0.0, 0.0, 0.0, 0.0, 0.0, 0.0, 0.0, 0.0, 0.0, 0.0, 0.0, 0.0, 0.0, 0.0, 0.0, 0.0, 0.0, 0.0, 0.0, 0.0, 0.0, 0.0, 0.0, 0.0, 0.0, 0.0, 0.0, 0.0, 0.0, 0.0, 0.0, 0.0, 0.0, 0.0, 0.0, 0.0, 0.0, 0.0, 1.0], "bins": [-0.08368419110774994, -0.0835704356431961, -0.08345668762922287, -0.08334293216466904, -0.0832291767001152, -0.08311542868614197, -0.08300167322158813, -0.0828879252076149, -0.08277416974306107, -0.08266041427850723, -0.082546666264534, -0.08243291079998016, -0.08231915533542633, -0.0822054073214531, -0.08209165185689926, -0.08197790384292603, -0.08186414837837219, -0.08175039291381836, -0.08163664489984512, -0.08152288943529129, -0.08140913397073746, -0.08129538595676422, -0.08118163049221039, -0.08106788247823715, -0.08095412701368332, -0.08084037154912949, -0.08072662353515625, -0.08061286807060242, -0.08049911260604858, -0.08038536459207535, -0.08027160912752151, -0.08015786111354828, -0.08004410564899445, -0.07993035018444061, -0.07981660217046738, -0.07970284670591354, -0.07958909124135971, -0.07947534322738647, -0.07936158776283264, -0.0792478397488594, -0.07913407683372498, -0.07902032136917114, -0.0789065733551979, -0.07879281789064407, -0.07867906242609024, -0.078565314412117, -0.07845155894756317, -0.07833781093358994, -0.0782240554690361, -0.07811030000448227, -0.07799655199050903, -0.0778827965259552, -0.07776904106140137, -0.07765529304742813, -0.0775415375828743, -0.07742778956890106, -0.07731403410434723, -0.0772002786397934, -0.07708653062582016, -0.07697277516126633, -0.0768590196967125, -0.07674527168273926, -0.07663151621818542, -0.07651776820421219, -0.07640401273965836]}, "gradients/var_net.weight": {"_type": "histogram", "values": [1.0, 0.0, 0.0, 0.0, 0.0, 0.0, 0.0, 2.0, 0.0, 0.0, 0.0, 0.0, 1.0, 0.0, 0.0, 1.0, 0.0, 0.0, 1.0, 1.0, 0.0, 2.0, 1.0, 2.0, 2.0, 4.0, 4.0, 5.0, 6.0, 4.0, 4.0, 7.0, 9.0, 2.0, 4.0, 6.0, 5.0, 10.0, 7.0, 7.0, 8.0, 6.0, 8.0, 13.0, 7.0, 5.0, 9.0, 9.0, 6.0, 7.0, 4.0, 4.0, 4.0, 6.0, 3.0, 1.0, 5.0, 2.0, 2.0, 6.0, 4.0, 36.0, 1.0, 2.0], "bins": [-0.11588846147060394, -0.11399482935667038, -0.11210119724273682, -0.11020756512880325, -0.10831393301486969, -0.10642030090093613, -0.10452666878700256, -0.102633036673069, -0.10073940455913544, -0.09884577244520187, -0.09695214033126831, -0.09505850821733475, -0.09316487610340118, -0.09127124398946762, -0.08937761187553406, -0.0874839797616005, -0.08559035509824753, -0.08369672298431396, -0.0818030908703804, -0.07990945875644684, -0.07801582664251328, -0.07612219452857971, -0.07422856241464615, -0.07233493030071259, -0.07044129818677902, -0.06854766607284546, -0.0666540339589119, -0.06476040184497833, -0.06286676973104477, -0.060973137617111206, -0.05907950550317764, -0.05718587711453438, -0.05529224872589111, -0.05339861661195755, -0.05150498449802399, -0.049611352384090424, -0.04771772027015686, -0.0458240881562233, -0.043930456042289734, -0.04203682765364647, -0.04014319181442261, -0.038249559700489044, -0.03635592758655548, -0.03446229547262192, -0.032568663358688354, -0.03067503310739994, -0.028781400993466377, -0.026887770742177963, -0.0249941386282444, -0.023100506514310837, -0.021206874400377274, -0.01931324228644371, -0.017419612035155296, -0.015525979921221733, -0.01363234780728817, -0.011738716624677181, -0.009845085442066193, -0.00795145332813263, -0.006057822145521641, -0.0041641900315880775, -0.0022705583833158016, -0.0003769267350435257, 0.0015167053788900375, 0.003410336561501026, 0.005303969141095877]}, "gradients/mu_net.bias": {"_type": "histogram", "values": [1.0, 0.0, 0.0, 0.0, 0.0, 0.0, 0.0, 0.0, 0.0, 0.0, 0.0, 0.0, 0.0, 0.0, 0.0, 0.0, 0.0, 0.0, 0.0, 0.0, 0.0, 0.0, 0.0, 0.0, 0.0, 0.0, 0.0, 0.0, 0.0, 0.0, 0.0, 0.0, 0.0, 0.0, 0.0, 0.0, 0.0, 0.0, 0.0, 0.0, 0.0, 0.0, 0.0, 0.0, 0.0, 0.0, 0.0, 0.0, 0.0, 0.0, 0.0, 0.0, 0.0, 0.0, 0.0, 0.0, 0.0, 0.0, 0.0, 0.0, 0.0, 0.0, 0.0, 1.0], "bins": [-0.13036532700061798, -0.12889403104782104, -0.1274227499961853, -0.12595145404338837, -0.12448017299175262, -0.12300887703895569, -0.12153758853673935, -0.12006630003452301, -0.11859501153230667, -0.11712372303009033, -0.11565243452787399, -0.11418114602565765, -0.11270985007286072, -0.11123856157064438, -0.10976727306842804, -0.1082959845662117, -0.10682469606399536, -0.10535340756177902, -0.10388211905956268, -0.10241083055734634, -0.10093954205513, -0.09946824610233307, -0.09799695760011673, -0.09652566909790039, -0.09505438059568405, -0.09358309209346771, -0.09211180359125137, -0.09064051508903503, -0.0891692191362381, -0.08769793063402176, -0.08622664213180542, -0.08475535362958908, -0.08328406512737274, -0.0818127766251564, -0.08034148812294006, -0.07887019962072372, -0.07739891111850739, -0.07592761516571045, -0.07445632666349411, -0.07298503816127777, -0.07151375710964203, -0.07004246860742569, -0.06857118010520935, -0.06709989160299301, -0.06562860310077667, -0.06415730714797974, -0.0626860186457634, -0.06121473014354706, -0.05974343791604042, -0.05827214941382408, -0.056800857186317444, -0.055329568684101105, -0.053858280181884766, -0.052386991679668427, -0.05091570317745209, -0.04944441094994545, -0.04797312244772911, -0.04650183394551277, -0.045030541718006134, -0.043559253215789795, -0.042087964713573456, -0.04061667621135712, -0.03914538770914078, -0.03767409548163414, -0.0362028069794178]}, "gradients/mu_net.weight": {"_type": "histogram", "values": [1.0, 0.0, 0.0, 0.0, 0.0, 0.0, 0.0, 0.0, 1.0, 0.0, 0.0, 0.0, 0.0, 0.0, 0.0, 0.0, 2.0, 1.0, 1.0, 0.0, 1.0, 0.0, 2.0, 2.0, 5.0, 4.0, 7.0, 2.0, 1.0, 4.0, 4.0, 4.0, 4.0, 5.0, 8.0, 2.0, 6.0, 0.0, 0.0, 3.0, 5.0, 6.0, 6.0, 8.0, 5.0, 6.0, 5.0, 8.0, 5.0, 6.0, 8.0, 16.0, 13.0, 10.0, 6.0, 11.0, 13.0, 11.0, 31.0, 1.0, 0.0, 2.0, 2.0, 2.0], "bins": [-0.15812963247299194, -0.15539893507957458, -0.15266823768615723, -0.14993754029273987, -0.1472068428993225, -0.14447614550590515, -0.1417454481124878, -0.13901475071907043, -0.13628405332565308, -0.13355335593223572, -0.13082265853881836, -0.128091961145401, -0.12536126375198364, -0.12263056635856628, -0.11989986896514893, -0.11716917157173157, -0.11443847417831421, -0.11170777678489685, -0.10897707939147949, -0.10624638199806213, -0.10351568460464478, -0.10078498721122742, -0.09805428981781006, -0.0953235924243927, -0.09259290248155594, -0.08986220508813858, -0.08713150769472122, -0.08440081030130386, -0.0816701129078865, -0.07893941551446915, -0.07620871812105179, -0.07347802072763443, -0.07074732333421707, -0.06801662594079971, -0.06528592854738235, -0.062555231153965, -0.05982453376054764, -0.05709383636713028, -0.05436313897371292, -0.05163244158029556, -0.0489017479121685, -0.046171050518751144, -0.043440353125333786, -0.04070965573191643, -0.03797895833849907, -0.03524826094508171, -0.03251756727695465, -0.029786868020892143, -0.027056170627474785, -0.024325473234057426, -0.021594775840640068, -0.01886408030986786, -0.0161333829164505, -0.013402684591710567, -0.010671988129615784, -0.007941290736198425, -0.005210593342781067, -0.002479896182194352, 0.0002508009783923626, 0.0029814979061484337, 0.005712195299565792, 0.00844289269298315, 0.011173589155077934, 0.013904286548495293, 0.01663498394191265]}, "gradients/shared_net.2.bias": {"_type": "histogram",