{"mean rewards": 0.24234017729759216, "mean costs": 51.400001525878906, "_step": 4, "_runtime": 38, "_timestamp": 1609940031}