{"loss v": 0.18758098781108856, "loss vc": 141.30105590820312, "loss pi": -0.13368509709835052, "KL": 0.008886133320629597, "_step": 39, "_runtime": 111, "_timestamp": 1610049338, "epoch": 19, "value": 0.9971646070480347, "cost rate": 0.112375, "cumulative cost": 8990.0}