{"average ep ret": -1.6893724753354245, "average ep cost": 0.0, "_step": 48, "_runtime": 102, "_timestamp": 1610494481, "value function loss": 14.032381057739258, "policy loss": -8.285045538514169e-09, "current penalty": 1.1813248546129178, "cost rate": 0.026, "reward rate": -0.00011702880263328552}