{"loss v": 0.16197125613689423, "loss vc": 130.66456604003906, "loss pi": 4.0531160649948106e-09, "KL": 0.01293253619223833, "_step": 31, "_runtime": 135, "_timestamp": 1610029382, "epoch": 15, "value": 0.970338761806488, "cost rate": 0.07628125, "cumulative cost": 4882.0}