{"episode return": 11.801708481228358, "episode cost": 45.0, "cumulative return": 1206.74341459652, "cumulative cost": 1912.0, "10ep mov avg return": 13.924759014265211, "10ep mov avg cost": 12.7, "_step": 99, "_runtime": 369, "_timestamp": 1611113323}