{"loss v": 0.28851935267448425, "loss vc": 170.74432373046875, "loss pi": 0.011323602870106697, "KL": 0.008810325525701046, "_step": 75, "_runtime": 246, "_timestamp": 1610046139, "epoch": 37, "value": 1.923747181892395, "cost rate": 0.09951315789473685, "cumulative cost": 15126.0}