{"reward loss": -2.1839142050339433e-08, "constraint loss": -7970.21337890625, "_step": 89, "_runtime": 195, "_timestamp": 1610234927, "step length": 0.0, "mean rewards": 11.281041145324707, "mean costs": 15.800000190734863, "cum average rewards": 6.840082309856271, "cum average costs": 202.7157459662547}