{"average ep ret": -0.07918497661456658, "average ep cost": 0.0, "_step": 49, "_runtime": 126, "_timestamp": 1610745037, "10p mov avg ret": 0.5685863494873047, "10p mov avg cost": 64.859375, "value function loss": 398.49493408203125, "policy loss": -7.450580596923828e-09, "current penalty": 8.596875, "cost rate": 0.064859375, "reward rate": 0.0005685864090919495}