{"average ep ret": 3.182410670877512, "average ep cost": 0.0, "_step": 599, "_runtime": 827, "_timestamp": 1610479506, "value function loss": 0.23454532027244568, "policy loss": 2.1934509319976314e-08, "current penalty": 0, "cost rate": 0.00888, "reward rate": -0.0016815150451660156}