{"reward loss": -2.558231315674675e-08, "constraint loss": 23310.34375, "_step": 89, "_runtime": 185, "_timestamp": 1610231965, "step length": 0.9, "mean rewards": 4.368799209594727, "mean costs": 241.1999969482422, "cum average rewards": 6.109332491022542, "cum average costs": 253.87586066533459}