{"average ep ret": -1.3668874383294698, "average ep cost": 0.0, "_step": 51, "_runtime": 106, "_timestamp": 1610499533, "value function loss": 14.659248352050781, "policy loss": -8.82148754044465e-09, "current penalty": 1.2825748546129176, "cost rate": 0.02853125, "reward rate": -0.000363088458776474}