{"step length": 0.81, "_step": 9, "_runtime": 37, "_timestamp": 1609957729, "mean rewards": 0.8681243062019348, "mean costs": 27.399999618530273, "cum average rewards": -0.0841411143541336, "cum average costs": 70.65666599273682}