{"step length": 0.9, "_step": 199, "_runtime": 776, "_timestamp": 1609962114, "mean rewards": 17.786930084228516, "mean costs": 63.0, "cum average rewards": 25.79837415462988, "cum average costs": 308.75942000704106}