{"step length": 1.0, "_step": 9, "_runtime": 39, "_timestamp": 1609958859, "mean rewards": 0.4449027478694916, "mean costs": 59.400001525878906, "cum average rewards": -0.6555123011271159, "cum average costs": 34.380000559488934}