{"step length": 1.0, "_step": 9, "_runtime": 44, "_timestamp": 1609959943, "mean rewards": 1.1875628232955933, "mean costs": 166.60000610351562, "cum average rewards": 0.04722652807831765, "cum average costs": 106.26000315348305}