{"episode return": 16.662659373797762, "episode cost": 42.0, "10ep mov avg return": 9.696650531525261, "10ep mov avg cost": 39.0, "_step": 99, "_runtime": 530, "_timestamp": 1611112007}