{"step length": 0.9, "_step": 199, "_runtime": 668, "_timestamp": 1609968984, "mean rewards": 14.07929515838623, "mean costs": 68.5999984741211, "cum average rewards": 22.683908413681166, "cum average costs": 226.57467482208753}