{"loss v": 0.11130107194185257, "loss vc": 1873.163330078125, "loss pi": -4.1723252630632146e-10, "KL": 0.013830974698066711, "_step": 27, "_runtime": 128, "_timestamp": 1610004625, "epoch": 13, "value": 0.8630313277244568, "cost rate": 0.10567857142857143, "cumulative cost": 5918.0}