{"loss v": 0.14406675100326538, "loss vc": 0.22894102334976196, "loss pi": -2.086162576020456e-09, "KL": 0.009237274527549744, "_step": 29, "_runtime": 120, "_timestamp": 1609810212, "epoch": 14, "value": 0.7101684212684631, "cost rate": 0.10365, "cumulative cost": 6219.0}