{"loss v": 0.21956007182598114, "loss vc": 112.44693756103516, "loss pi": -6.1988831845383174e-09, "KL": 0.015576764941215515, "_step": 71, "_runtime": 285, "_timestamp": 1610029962, "epoch": 35, "value": 1.6978188753128052, "cost rate": 0.07303472222222222, "cumulative cost": 10517.0}