{"episode return": 3.4992000990758267, "episode cost": 0.0, "cumulative return": 13.26570597283907, "cumulative cost": 44.0, "25ep mov avg return": 2.2109509954731785, "25ep mov avg cost": 7.333333333333333, "_step": 5, "_runtime": 13, "_timestamp": 1611273612}