{"reward loss": -6.866454960174906e-09, "constraint loss": -5124.390625, "_step": 149, "_runtime": 324, "_timestamp": 1610130767, "step length": 1.0, "mean rewards": 11.789403915405273, "mean costs": 29.799999237060547, "cum average rewards": 13.468740845569993, "cum average costs": 272.4151124085839}