{"graph_0": {"_type": "graph-file", "path": "media/graph/graph_0_summary_4715753b.graph.json", "sha256": "4715753bca728e4f76f7debd814e6673bb288ca5be711f59876addcd6b42b172", "size": 1271}, "20it average epoch loss": 0.0, "_step": 226, "_runtime": 278, "_timestamp": 1611346683, "max return": 1.027553173202399, "min cost": 0, "gradients/var_net.bias": {"_type": "histogram", "values": [1.0, 0.0, 0.0, 0.0, 0.0, 0.0, 0.0, 0.0, 0.0, 0.0, 0.0, 0.0, 0.0, 0.0, 0.0, 0.0, 0.0, 0.0, 0.0, 0.0, 0.0, 0.0, 0.0, 0.0, 0.0, 0.0, 0.0, 0.0, 0.0, 0.0, 0.0, 0.0, 0.0, 0.0, 0.0, 0.0, 0.0, 0.0, 0.0, 0.0, 0.0, 0.0, 0.0, 0.0, 0.0, 0.0, 0.0, 0.0, 0.0, 0.0, 0.0, 0.0, 0.0, 0.0, 0.0, 0.0, 0.0, 0.0, 0.0, 0.0, 0.0, 0.0, 0.0, 1.0], "bins": [-0.017782974988222122, -0.017285896465182304, -0.016788817942142487, -0.01629173941910267, -0.01579466089606285, -0.015297582373023033, -0.014800503849983215, -0.014303425326943398, -0.01380634680390358, -0.013309268280863762, -0.012812189757823944, -0.012315111234784126, -0.011818032711744308, -0.01132095418870449, -0.010823875665664673, -0.010326797142624855, -0.009829718619585037, -0.00933264009654522, -0.008835561573505402, -0.008338483050465584, -0.007841404527425766, -0.007344326004385948, -0.00684724748134613, -0.0063501689583063126, -0.005853090435266495, -0.005356011912226677, -0.004858933389186859, -0.004361854866147041, -0.0038647763431072235, -0.0033676978200674057, -0.002870619297027588, -0.00237354077398777, -0.0018764641135931015, -0.0013793855905532837, -0.0008823070675134659, -0.00038522854447364807, 0.00011184997856616974, 0.0006089285016059875, 0.0011060070246458054, 0.0016030855476856232, 0.002100164070725441, 0.002597242593765259, 0.0030943211168050766, 0.0035913996398448944, 0.004088478162884712, 0.00458555668592453, 0.005082635208964348, 0.005579713732004166, 0.0060767922550439835, 0.006573870778083801, 0.007070949301123619, 0.007568027824163437, 0.008065106347203255, 0.008562184870243073, 0.00905926339328289, 0.009556341916322708, 0.010053420439362526, 0.010550498962402344, 0.011047577485442162, 0.01154465600848198, 0.012041734531521797, 0.012538813054561615, 0.013035891577601433, 0.01353297010064125, 0.014030048623681068]}, "gradients/var_net.weight": {"_type": "histogram", "values": [1.0, 0.0, 1.0, 0.0, 0.0, 0.0, 2.0, 0.0, 0.0, 2.0, 1.0, 2.0, 2.0, 0.0, 3.0, 2.0, 6.0, 2.0, 3.0, 4.0, 5.0, 4.0, 4.0, 5.0, 2.0, 8.0, 8.0, 11.0, 10.0, 7.0, 5.0, 15.0, 13.0, 35.0, 18.0, 8.0, 10.0, 7.0, 3.0, 10.0, 6.0, 3.0, 5.0, 3.0, 2.0, 2.0, 1.0, 1.0, 2.0, 3.0, 2.0, 0.0, 1.0, 1.0, 1.0, 1.0, 0.0, 1.0, 0.0, 0.0, 1.0, 0.0, 0.0, 1.0], "bins": [-0.03588881343603134, -0.03482827544212341, -0.03376774117350578, -0.032707203179597855, -0.031646665185689926, -0.030586129054427147, -0.029525592923164368, -0.02846505492925644, -0.02740451693534851, -0.02634398080408573, -0.025283442810177803, -0.024222906678915024, -0.023162368685007095, -0.022101832553744316, -0.021041296422481537, -0.01998075842857361, -0.01892022229731083, -0.01785968616604805, -0.01679914817214012, -0.015738612040877342, -0.014678074046969414, -0.013617537915706635, -0.01255700085312128, -0.011496463790535927, -0.010435926727950573, -0.009375389665365219, -0.008314852602779865, -0.007254316005855799, -0.006193778943270445, -0.005133241880685091, -0.0040727052837610245, -0.0030121682211756706, -0.0019516311585903168, -0.0008910942124202847, 0.00016944273374974728, 0.0012299795635044575, 0.0022905166260898113, 0.003351053688675165, 0.004411590285599232, 0.005472127348184586, 0.006532664410769939, 0.007593201473355293, 0.008653738535940647, 0.009714275598526001, 0.01077481172978878, 0.011835349723696709, 0.012895885854959488, 0.013956422917544842, 0.015016959980130196, 0.016077496111392975, 0.017138034105300903, 0.018198570236563683, 0.01925910823047161, 0.02031964436173439, 0.02138018235564232, 0.022440718486905098, 0.023501254618167877, 0.024561790749430656, 0.025622328743338585, 0.026682864874601364, 0.027743402868509293, 0.028803938999772072, 0.02986447513103485, 0.03092501312494278, 0.03198555111885071]}, "gradients/mu_net.bias": {"_type": "histogram", "values": [1.0, 0.0, 0.0, 0.0, 0.0, 0.0, 0.0, 0.0, 0.0, 0.0, 0.0, 0.0, 0.0, 0.0, 0.0, 0.0, 0.0, 0.0, 0.0, 0.0, 0.0, 0.0, 0.0, 0.0, 0.0, 0.0, 0.0, 0.0, 0.0, 0.0, 0.0, 0.0, 0.0, 0.0, 0.0, 0.0, 0.0, 0.0, 0.0, 0.0, 0.0, 0.0, 0.0, 0.0, 0.0, 0.0, 0.0, 0.0, 0.0, 0.0, 0.0, 0.0, 0.0, 0.0, 0.0, 0.0, 0.0, 0.0, 0.0, 0.0, 0.0, 0.0, 0.0, 1.0], "bins": [-0.10979584604501724, -0.10686887800693512, -0.1039419025182724, -0.10101493448019028, -0.09808796644210815, -0.09516099095344543, -0.09223402291536331, -0.08930705487728119, -0.08638007938861847, -0.08345311135053635, -0.08052613586187363, -0.0775991678237915, -0.07467219233512878, -0.07174522429704666, -0.06881825625896454, -0.06589128077030182, -0.0629643127322197, -0.060037340968847275, -0.057110369205474854, -0.05418340116739273, -0.05125642940402031, -0.04832945764064789, -0.045402489602565765, -0.042475517839193344, -0.03954854607582092, -0.0366215743124485, -0.03369460254907608, -0.030767634510993958, -0.027840662747621536, -0.024913690984249115, -0.021986721083521843, -0.01905975118279457, -0.01613277941942215, -0.013205808587372303, -0.010278837755322456, -0.00735186692327261, -0.004424896091222763, -0.0014979252591729164, 0.0014290455728769302, 0.004356015473604202, 0.0072829872369766235, 0.01020995806902647, 0.013136928901076317, 0.01606389880180359, 0.01899087056517601, 0.02191784232854843, 0.024844812229275703, 0.027771782130002975, 0.030698753893375397, 0.03362572565674782, 0.03655269742012024, 0.03947966545820236, 0.04240663722157478, 0.045333608984947205, 0.04826057702302933, 0.05118754878640175, 0.05411452054977417, 0.05704149231314659, 0.05996846407651901, 0.06289543211460114, 0.06582240760326385, 0.06874937564134598, 0.0716763436794281, 0.07460331916809082, 0.07753028720617294]}, "gradients/mu_net.weight": {"_type": "histogram", "values": [1.0, 0.0, 0.0, 0.0, 1.0, 1.0, 0.0, 2.0, 2.0, 0.0, 5.0, 3.0, 3.0, 7.0, 7.0, 4.0, 4.0, 4.0, 5.0, 5.0, 7.0, 7.0, 6.0, 5.0, 5.0, 5.0, 5.0, 2.0, 5.0, 3.0, 2.0, 1.0, 1.0, 6.0, 1.0, 3.0, 30.0, 9.0, 2.0, 4.0, 3.0, 6.0, 4.0, 5.0, 11.0, 6.0, 6.0, 5.0, 4.0, 5.0, 8.0, 3.0, 3.0, 1.0, 1.0, 3.0, 5.0, 2.0, 1.0, 2.0, 4.0, 1.0, 2.0, 2.0], "bins": [-0.09121252596378326, -0.08871767669916153, -0.0862228274345398, -0.08372797816991806, -0.08123312890529633, -0.078738272190094, -0.07624342292547226, -0.07374857366085052, -0.07125372439622879, -0.06875887513160706, -0.06626402586698532, -0.06376917660236359, -0.06127432361245155, -0.05877947434782982, -0.056284621357917786, -0.05378977209329605, -0.051294922828674316, -0.04880007356405258, -0.04630522429943085, -0.043810371309518814, -0.04131552204489708, -0.038820672780275345, -0.03632581979036331, -0.03383097052574158, -0.03133612126111984, -0.028841271996498108, -0.026346420869231224, -0.02385156974196434, -0.021356720477342606, -0.01886187121272087, -0.016367020085453987, -0.013872168958187103, -0.011377319693565369, -0.00888246949762106, -0.00638761930167675, -0.003892769105732441, -0.0013979189097881317, 0.0010969312861561775, 0.0035917814821004868, 0.006086632609367371, 0.008581481873989105, 0.011076332069933414, 0.013571182265877724, 0.016066033393144608, 0.018560882657766342, 0.021055731922388077, 0.02355058304965496, 0.026045434176921844, 0.02854028344154358, 0.031035132706165314, 0.03352998197078705, 0.03602483496069908, 0.038519684225320816, 0.04101453348994255, 0.043509386479854584, 0.04600423574447632, 0.04849908500909805, 0.05099393427371979, 0.05348878353834152, 0.055983636528253555, 0.05847848579287529, 0.060973335057497025, 0.06346818804740906, 0.06596303731203079, 0.06845788657665253]}, "gradients/shared_net.2.bias": {"_type": "histogram",