{"step length": 1.0, "_step": 9, "_runtime": 39, "_timestamp": 1609958333, "mean rewards": 2.4460926055908203, "mean costs": 166.0, "cum average rewards": 0.8783783054289718, "cum average costs": 183.89000345865884}