{"reward loss": -1.3875961712983553e-08, "constraint loss": -14205.166015625, "_step": 29, "_runtime": 64, "_timestamp": 1610232136, "step length": 0.9, "mean rewards": 3.5664989948272705, "mean costs": 29.600000381469727, "cum average rewards": 2.4199981849895944, "cum average costs": 229.4774197475219}