{"loss v": 0.220648854970932, "loss vc": 359.1824035644531, "loss pi": 2.3722648734292306e-08, "KL": 0.011604859493672848, "_step": 23, "_runtime": 111, "_timestamp": 1610002179, "epoch": 11, "value": 0.7284129858016968, "cost rate": 0.09704166666666666, "cumulative cost": 4658.0}