{"reward loss": -8.583068700218632e-10, "constraint loss": 1359.315185546875, "_step": 29, "_runtime": 65, "_timestamp": 1610233720, "step length": 0.9, "mean rewards": 1.7723983526229858, "mean costs": 103.0, "cum average rewards": 0.6323553227845037, "cum average costs": 146.37315793278242}