{"loss v": 0.03372618928551674, "loss vc": 115.48477172851562, "loss pi": 8.583068478174027e-09, "KL": 0.014241056516766548, "_step": 17, "_runtime": 80, "_timestamp": 1609815162, "epoch": 8, "value": 0.6035972833633423, "cost rate": 0.11480555555555555, "cumulative cost": 4133.0}