{"reward loss": -9.059906158626063e-10, "constraint loss": 2223.792236328125, "_step": 299, "_runtime": 1281, "_timestamp": 1609989315, "step length": 1.0, "mean rewards": 19.962392807006836, "mean costs": 63.599998474121094, "cum average rewards": 31.541931808310974, "cum average costs": 306.8334014473866}