{"step length": 1.0, "_step": 199, "_runtime": 688, "_timestamp": 1609963496, "mean rewards": 17.72416114807129, "mean costs": 34.599998474121094, "cum average rewards": 22.088795757860083, "cum average costs": 234.2232661246436}