{"loss v": 0.11168278753757477, "loss vc": 74.75362396240234, "loss pi": -1.4305114870438729e-09, "KL": 0.010015296749770641, "_step": 19, "_runtime": 90, "_timestamp": 1609815457, "epoch": 9, "value": 0.36556756496429443, "cost rate": 0.076725, "cumulative cost": 3069.0}