{"loss v": 0.06287866085767746, "loss vc": 68.4776611328125, "loss pi": -2.5153159555202365e-08, "KL": 0.015209577977657318, "_step": 19, "_runtime": 98, "_timestamp": 1609815571, "epoch": 9, "value": 0.6535621285438538, "cost rate": 0.084325, "cumulative cost": 3373.0}