{"step length": 1.0, "_step": 9, "_runtime": 41, "_timestamp": 1609959664, "mean rewards": 0.5529094934463501, "mean costs": 119.5999984741211, "cum average rewards": 0.39252373377482097, "cum average costs": 91.91333389282228}