{"loss v": 0.05872182548046112, "loss vc": 168.8495330810547, "loss pi": 0.17084652185440063, "KL": 0.01048529613763094, "_step": 7, "_runtime": 24, "_timestamp": 1610047936, "epoch": 3, "value": -0.07664871215820312, "cost rate": 0.070125, "cumulative cost": 1122.0}