{"episode return": 3.525342345122449, "episode cost": 52.0, "cumulative return": 55.0509554989745, "cumulative cost": 232.0, "10ep mov avg return": 11.0101910997949, "10ep mov avg cost": 46.4, "_step": 4, "_runtime": 18, "_timestamp": 1611114557}