{"step length": 0.81, "_step": 9, "_runtime": 38, "_timestamp": 1609959256, "mean rewards": 1.4859111309051514, "mean costs": 0.0, "cum average rewards": 0.7059682901327808, "cum average costs": 102.02333323160806}